Profile_no,Species,C1=C(C)C2CC(C1)C2(C)C,C=C1C2CCC(C2)C1(C)C,C=C1CCC2CC1C2(C)C,C1=C(C)CC2C(C1)C2(C)C,C=C(C)C1CC=C(C)CC1,O1C(C)(C)C2CCC1(C)CC2,C=CC(=CCC=C(C)C)C,C=1C=C(C=CC1C)C(C)C,C1=C(C)CCC(=C(C)C)C1,OC(C=C)CCCCC,C1=C(C)C2C3C(CCC(C)C23C1)C(C)C,O=C1CC2CCC1(C)C2(C)C,C1=C(C)C2C3C(CCC2(C)C3C1)C(C)C,OC(C=C)(C)CCC=C(C)C,C=C1CCC2C(C3C1CCC3C)C2(C)C,C=C1CCC=C(C)CCC2C1CC2(C)C,OC1C(C(=C2CC1C2(C)C)C)C3(C(=C4CC(C3)C4(C)C)C)C5C(=C6CC(C5)C6(C)C)C,C=C(CCC=C(C)C)C1CC=C(C)CC1,O1C2CCC(=C)C3CC(C)(C)C3CCC12C,C=CC=C(C)CCC=C(C)CCC=C(C)C,C=CC=C(C)CCC=C(C)C,O=C1CCC(OC1(C)C)(C=C)C,O=C(C)CCC=C(C)C,C(=CC(=CC)C)C=C(C)C,C1=CC(C)(C)CC=C(C)CCC=C(C)C1,C1=C(C)C2CC3(C1)C(C)CCC3C2(C)C,C1=C(C)C2CCC(=CC2C(C1)C(C)C)C,C1=CC(CC=C1C)C(C)C,C1=CC(CC=C1C)C(C)CCC=C(C)C,C=1C=C(C=CC1C)C(C)CCC=C(C)C,O=CC=1C=CC=CC1,OCC=1C=CC=CC1,C=C1CCC2C1C3C(CCC23C)C(C)C,C=C1CCC23C(C)CCC(C(C)C)C3C12,C=CC1(C)CCC(C(=C)C)CC1C(=C)C,C=C1C=CC(CC1)C(C)C,OCCC=CCC,C(=C(C)C)CCC1(C)C2C(=CCC1C2)C,C1=C(C)CCC2=C(C)CCC(C12)C(C)C,O=C(C)CCC1=C(C)CCCC1(C)C,C=C1CCC(C(C)C)C2C=C(C)CCC12,C=CC1(C)CCC(=C(C)C)CC1(C(=C)C)C,OCC=C(C)CCC=C(C)C,O=C(C)CCC=C(C)CCC=C(C)C,C1=C(C)CCC=C(C)CCC(=C(C)C)C1,C=C1C=CC(CCC(=CCC1)C)C(C)C,O=CCCCCC,OC(C)(C)C1OC(C=C)(C)CC1,O=C(OC)C=1C=CC=CC1O,O=C(OC)C=1C=CC=CC1,O=C(OC)C=C(C)CCC=C(C)C,C=CC(=C)CCC=C(C)C,O=CC=C(C)CCC=C(C)C,CCCCCCCCCCCCCCC,C=C1CCC2(CC12)C(C)C,OC1(C)CCC(C(C)C)C2C=C(C)CCC21,C1=C(C)C2CC23C(C)(C)CCCC3(C)C1,O=CC=CCCC,OC1(C)CCC2(CC12)C(C)C,C=CC(=CCC=C(C)CCC=C(C)C)C,C=CC(=C)CCC=C(C)CCC=C(C)C,O1C(CC=C(C=C)C)C1(C)C,OC(C=C)(C)CCC=C(C)CCC=C(C)C,OC(C=C(C=C)C)C=C(C)C,OC(CC)CCCCC,OC(C)(C)C1CC=C(C)CC1,OC1CC2CCC1(C)C2(C)C,O=C(CC=C(C)C)C(C)C1OC(C=C)(C)CC1,C=1C=C(CCC1C)C(C)CCC=C(C)C,C1=C(C)CC=C(C1)C(C)C,O=C1C=C(C)C2CC1C2(C)C,C1=C(C)C2CC2(C1)C(C)C,O=C(OCCC=CCC)C,CCCCCCCCCC,O1C2=CC=C(C=C2OC1)CC=C,O=COCC=C(C)CCC=C(C)C,OC1=CC=C(C=C1OC)CC=C,C=CC1(C)CCC(=CC1C(=C)C)C(C)C,CCCCCCCCCCCCCC,O=C(OCC=C(C)CCC=C(C)C)CC,C=C(CC)CCC=C(C)CCC=C(C)C,C=C(C)CCCC(C1=CCC(=CC1)C)C,C=C1C=CC(CC1)C(C)CCC=C(C)C,C1=CC=2C(=CCC(C2C=C1C)C(C)C)C,OC1(C)CCC2C(=C)CCC3C(C21)C3(C)C,OC(C)(C)C1CCC(C)C21C=CC(=CC2)C,O=CC1CCC2C(C3C(C)CCC13)C2(C)C,O1C2CCC(=CCC(C=CCC12C)(C)C)C,CCCCCCCCCCCCCCCC,O=CC1(C)C2CCC(C)C32C=CC1(C)CC3,OC12C3=C4C5C3C2C5C41,OC12CCC(=CC2C(CCC1C)C(C)C)C,OC(C)(CCC=C(C)C)C1CC=C(C)CC1,CCCCCCCCCCCCCCCCC,OCC=C(C)CCC=C(C)CCC=C(C)C,O=C1C=C(C)CCC1C(C)CCC=C(C)C,O=CC(C=CCC(C1=CC=C(C=C1)C)C)C,CCCCCCCCCCCCCCCCCC,O=C(OCC(=CCCCCC1=CC=C(C=C1)C)C)C,O=C(O)CCCCCCCCCCCCCC,OCCCCCCCCCCCCCCCCCCC,OCCCCCCC,O1C2=CC=C(C=CC)C=C2OC1,O=C(OCC=C(C)CCC=C(C)C)C,O=C(O)CCCCCCCCCCCCC,O=CCCCCCCCCCCCCCCC,O=C(C)CCCCCCCCCCCCCCC,CCCCCCCCCCCCCCCCCCC,O=C(C)CCC=C(C)CCC=C(C)CCC=C(C)C,O=C(O)CCCCCCCC=CCCCCCCCC,O=C(O)CCCCCCCCCCCCCCC,C=1C=C(CCC1C)C(C)C,O=CCCCCCCCC,OC(C)(C)C1CCC(=C)CC1,C1=C(C)CCC2C(C=C(C)CC1)C2(C)C,OC1(C)CCC2C(C3C(C)CCC31)C2(C)C,O=C(OCC)CCCCCCCC=CCC=CCC=CCC,OC1(C)CCC23C(C)CCC(C(C)C)C3C12,O=CC(=CCCC(C1=CC=C(C)CC1)C)C,O1C2C=C(C)CCC23C(C)CCC3C1(C)C,O=C(OC)CCCCCCCCCCCCCCCCC,OCC=C(C)CCCC(C)CCCC(C)CCCC(C)C,O=C(O)CCCCCCCCCCCCCCCCC,OCC(=CCCC1(C)C2C(=CCC1C2)C)C,CC(C)C12CCC(C)C2C1,CCCCCCCCCCC,O=C(O)CCCCCCC,OC1(C)CCC2CC1C2(C)C,OC1C=C(C)C2CC1C2(C)C,C=C(C)C1CC2=C(CCC2C)C(C)CC1,OC1(C)CCC(C(C)C)C2CC(C)CCC21,C=C1CCC2C3C1C2(C)CCC3C(C)C,O1C2CC(C=CCC(=CCCC12C)C)(C)C,O(C1=CC=C(C=C1OC)CC=C)C,O=C(C=C(C)C)CC(=C)C=C,OCC(C)CCCCCCCCCCCCCC,FC(F)(F)C(F)(F)C(F)(F)C(F)(F)N(C(F)(F)C(F)(F)C(F)(F)C(F)(F)F)C(F)(F)C(F)(F)C(F)(F)C(F)(F)F,O=C(O)CCCCCCCCCCC,C1=C(C)C2CCC(C)C2C3C(C1)C3(C)C,O=CCCCCCCCCCCCCCCCC,O1CC12CCC3C(C4C(C)CCC42)C3(C)C,OC1C(=C)C2CC2(C1)C(C)C,OC1=CC(=CC=C1C)C(C)C,C1=C2CCC3C(C2(C)C(C)CC1)C3(C)C,CCCCCCCCCCCCCCCCCCCC,OC1C=C(C)C2CC12C(C)C,C(#CCCCCCCCCCCCCCCCC)CC,OC1C(=CCC2C1C2(C)C)C,OC1(CC=C(C)CC1)C(C)C,O=C(CC(C)C)CC(C)C,C1=CC=CCC=C1,O=CO.OCC=C(C)CCC=C(C)C,OC1=CC(=CC=C1C(C)C)C,C=CC(=C)CCCC(=C)C,C1=C(C)C2C(C1)C3(C)CCC(C(C)C)C23,O=C(C1=CC=C(OC)C=C1)C,O=C(OCCCC)C,O=CCCCCCCCCCCCC,O=C(OC1CC2CCC1(C)C2(C)C)C,O=C([O-])C=1C=CC=CC1C(=O)OCCCC,O=C1C2=CC=C(OC)C=C2CC1(C)C,OC1C(C)(C)C2CCC1(C)C2,O=C([O-])C=1C=CC=CC1C(=O)OCC(C)C,C=1C=CC(=C(C1)C)C,C=C1CCC2C(C)CCC3C(C12)C3(C)C,C=C(C)C1CC=C(C)CCC=C(C)CC1,OC(C)(C)C1CCC(C=C)(C)C(C(=C)C)C1,OC1(C=CC(CCC(=CCC1)C)C(C)C)C,OC(C)(C)C1CC2=C(C)CCCC2(C)CC1,C=CC1(C(=CC(=C(C)C)CC1)C(C)C)C,C=C(C)C1CCC2(C)CCC=C(C)C2C1,C(=C(C)C)CCC(=C1CC=C(C)CC1)C,C=1C2=C(C)CCCC2(C)CCC1C(C)C,C=C(C)C1C=C2C(C)CCC2C(C)CC1,C(=C1CC2=C(CCC2C)C(C)CC1)(C)C,C1=C2C(C)(C)C3CCC2(C3)C(C)(C)CC1,OC1CC(C)C2CC12C(C)C,O1C=CC=C1CC,OC(C)CCCCCC,O=CCCCCCCC,O=C(OC1CC(C)C2CC1C2(C)C)C,OC1=CC=CC(=C1OC)CC=C,C.C.C.C.C.C.C.CCC(C)(C)CC,C=C1CCC23CC1C(C)(C)C3CCC2C,C=1C(=CCC2C1C(CCC2C)C(C)C)C,C1=C(C)CCC2=C(C)CCCC(C)(C)C12,C=C1C=CC(CC1)C2(C)CCCC2(C)C,OC1(C2=CC(C)CCC2C(C)CC1)C(C)C,O=C1CCC2(C)CCCC(C)(C)C32CC13,OC12CCC(=CCC2(C)CCC1C(C)C)C,OC(C)(C)C1CC2=C(CCC2C)C(C)CC1,OC(C=C(C)C)CC(=C)C1CC=C(C)CC1,O1C2(C)CCCC(C)(C)C3C=C(C)CCC132,C=C1C=C2C(CCC(C)C2CC1)C(C)C,O=C(OCC=C(C)CCC=C(C)C)CCCC,C(=CCCCCCCCC)CCCCCCC,C=C(C)C1CCC2=CCCC(C)C2(C)C1,C=C(C)C1CC=C2CCCC(C)C2(C)C1,C1(=C2CCC(C)C2C3C(CC1)C3(C)C)C,OC1(C=CC(CC1)C(C)C)C,CCCCCCCCCCCCC,O=C(C=C)CCCCC,O=C(O)C,OCCCCCCCC,O=C(OC(C=C)(C)CCC=C(C)C)C,C(=C(C)C)CCC(C)C12CC=C(C)C2C1,C=C1CCC2(CC12)C(C)CCC=C(C)C,O=C(C=CC)C1=C(C=CCC1(C)C)C,C=1C=C2C(=CC1C)C(CCC2C)C(C)C,OC1(C)CCC23C(C=CC(C(C)C)C3C12)C,O=C(C=CC1=C(C)CCCC1(C)C)C,OC1(C=CC(CC1)C(C)CCC=C(C)C)C,OC1(CC=C(C)CC1)C(C)CCC=C(C)C,OC1=CC(=CC=C1C)C(C)CCC=C(C)C,CC1(C)C2CC3C(C2)C31C,C=C1CC2CCC1C2(C)C,C=C1C=CC2CC1C2(C)C,O1C=CC=C1CCCCC,O=C(CC)CCCCC,O=C(OCC(C)CC)CCC,O=C(OCCCCCC)C(C)C,O=C(OCCCCCC)CCC,C=C(C1=CC=C(C=C1)C)C,C=C(C)C1CCC2(C)CCCC(=C)C2C1,C1=C2C(C=C(C)C1)C(CCC2C)C(C)C,O1C(CCC1(C=C)C)C(C)C2OC(C)(C)CC2,O=C(C)CC,C=C(C1=CC=C(C)CC1)C,O=CCC1CC=C(C)C1(C)C,O=C1C=C(C(=O)C(C)(C)C1)C,O=C1C(=C)C2CC(C1)C2(C)C,OCC1=CCC2CC1C2(C)C,OC1C(=CCC(C(=C)C)C1)C,C1=C(C2=CCC(=CC2C(C1)C(C)C)C)C,O=C(C=CC1=CCCC(C)C1(C)C)C,OC=1C=CC=2C=CN=CC2C1,C=1C(=C(C)C)CCC2(C1C(C)CCC2)C,O=CC1C(=CCCC1(C)C)C,O=CC1C(C(=C)C)CCC1C,N=1C=CC=C2C=CC=CC12,O1C2CC3C(C4C(C)CCC4C12C)C3(C)C,O=C1OC1,C12=C(CCC1C)C3(C)CCC(C2)C3(C)C,C(=C(C)C)CCC(C1=CCC(=CC1)C)C,OCC(C1=CCC(C)CC1)C,O=C(C=CC1=CC=C(O)C(OC)=C1)CC(=O)C=CC2=CC=C(O)C(OC)=C2,C=C1C2=CCC(C)C2C3C(CC1)C3(C)C,O=C(OCC=1C=CC=CC1)C=2C=CC=CC2,C=1C=CC(=C(C1)C)C(C)C,OC1(C)CCC(C(=C)C)CC1,C=C1CCCC(C)(C)C2C=C(C)CCC12,O1C2CC3CC(C12C)C3(C)C,C=C(C)C1CCC(=C2CCC(C)C2C1)C,OCCCCCC,C1=C(C)CCC2(C(=CCCC2(C)C)C)C1,C=C(C)C1C=C(C)CCC1,C=CC(=CCCC(=C)C)C,OC1(C)CCC2C3C1C2(C)CCCC3(C)C,C=CC(C)CCC=C(C)CCC=C(C)C,OC(C)(C)C1CCC2=CCCC(C)C2(C)C1,OC1(C)CCC2(CC12)C(C)CCC=C(C)C,OC(C=C(C)C)CC(=C)C=C,O=C(OC(C=C)(C)CCCC(C)C)C,OC12CCC(C)C2C3C(CCC1C)C3(C)C,OC(C)(C)C1CCC(C)C23CCC(C)C3C12,OC(C)(C)C1CCC(=C2CCC(C)C2C1)C,OC(C)(C)C1CCC2(C)CCCC(=C)C2C1,C1(=C2C(CC1)C(C)CCC3C2C3(C)C)C,O=C(O)C.CC1(C)C2CCC(C)(C1C2)C3(C)CCC4CC3(C4(C)C)C5(C)CCC6CC5C6(C)C,OC(C)(C)C1CCC2(C)CCC=C(C)C2C1,O=C(O)CC(C)CCC=C(C)C,S=C(OC)C=1C=CC=CC1,O=C(OC(C)(C)C1CC=C(C)CC1)C,C1=C(C)C2CC(C(C)C)C3CC3(C)C2C1,OC=1C=C(O)C(=C(OC)C1)C,O=C1CC2(C)CCCC(C)(C)C32CC3C1C,O=C(OC1C(C)(C)C2CCC1(C)C2)C,C1=C(C)CC2C(C(=CCC2C(C)C)C)C1,CC1CCC23CC1C(C)(C)C3CCC2C,O=CCC(C)CCC=C(C)C,O=C(OCCC(C)CCC=C(C)C)CCC,OC1(C)CCC23CC1C(C)(C)C3CCC2C,C12=C(C(C)CC1)C3C(CCC2C)C3(C)C,OCC1CCC2CC1C2(C)C,OC1C=C(C)CCC1C(C)C,OC1(C)CCC(=C(C)C)CC1,OCC=CC1=CC(OC)=C(OC2OC(CO)C(O)C(O)C2O)C(OC)=C1,S(C)C,O=C(OCC(C)C)C(C)CC,C=C(C1=CC=C(C=C1)C(C)C)C,OC1CC(C)CCC1C(=C)C,OC1C(=C)C2CC(C1)C2(C)C,O=C(OCC)C=1C=CC=CC1,O=C(OC1(CC=C(C)CC1)C(C)C)C,OCCC(C)CCC=C(C)C,OC1C(=C)CCC(C(=C)C)C1,OC(C1=CC=C(C=C1)C)(C)C,O=CC1=CCC(CC1)C(C)C,O=C(SC)C=1C=CC=CC1,O=C(OCC=C(C)CCC=C(C)C)CCC,O=C(C1=CC=C(O)C(=C1)C)C,O(CC)C(OCC)C,O(CC)C(OCCCCC)C,O=C(C)CCCCCCC,O=C(C)CCCCCCCCCCCCC,OC(C)CCCCCCCCCCC,O=C(C)CCCCCCCCCCC,O=C(C)CCCCCCCCC,O=C(OC(C=1C=CC=CC1)C)C,OC(C=1C=CC=CC1)C,O=C1C(=CCC(C(=C)C)C1)C,O=C1OC=2C=CC=CC2C=C1,O(CC)C(OCC)C=CCCC,O=CC=CC=1C=CC=CC1,OCC=CC=1C=CC=CC1,O(C)C(OC)C=CCCC,O=C(OCC)C,O=C(OCC)CCC,O=C(OCC)CCCCCCCCC,O=C(OCC)CCCCC,O=C(OCC)CCCCCCC,O=C(OCC)C=CC=1C=CC=CC1,O=C(O)CCCCC,O=C(OCCCCCC)C,O=C(OCCCCCC)CCCCC,OCCC(C)C,OCC(C)C,O(C1=CC=C(C=CC)C=C1OC)C,C=1C=CC=2C=CC=CC2C1,O=C(OCCC=CCC)CCC,OC1=CC=C(C=CC)C=C1OC,O=C(OCC)CC=CCC,OCC1(C)CC2C(=C)CCC=C(C)CCC21,C=C1C2=CC=C(C=C2C(CC1)C(C)C)C,OC1(C)CCCC2(C)CCC(=C(C)C)CC12,C1=C(C)C2CC(=C(C)C)CCC2(C)CC1,C=C1CC=C(CC1)C(C)C,OC(C)(C)C1CCC(C)C21CC=C(C)CC2,OC1(C)CCCC2(C)CCC(C(=C)C)CC12,C=1C=C2C(=CC1C)C(=CC=C2C)C(C)C,OC12CCCC(C)(CCC3C1CC3(C)C)C2,C=1C2=C(CCC(C)C2CCC1C)C(C)C,C=1C=CC2=CC=CC2=CC1,O=C(C(=C)C)CCC(=C)C=C,O=COC1CC2CCC1(C)C2(C)C,O(C=1C=CC=2C=CC(OC2C1)(C)C)C,O=C(C=1C=CC=2OC(C=CC2C1)(C)C)C,O(C1=CC=2OC(C=CC2C=C1OC)(C)C)C,O(C1=CC=2OC(C=CC2C=C1C=C)(C)C)C,O=C(OCC=C(C)CCC=C(C)CCC=C(C)C)C,C=1C=CC=CC1,C=C1CCC2CC1C2(C)CCC=C(C)C,C1=C(C)C2C(=C(C1)C(C)C)CC(C)CC2,OC=1C=CC=2C=CC(OC2C1)(C)C,OC(C=1C=CC=2OC(C=CC2C1)(C)C)C,O=C(C1=CC=2C=CC(OC2C=C1OC)(C)C)C,CCC(C)CCCC(C)CCCC(C)CCCC(C)C,OC1(C)CC=C2C(C)(C)CCCC2(C)CC1,OCC(O)C(O)C(OC1OC(CO)C(O)C(O)C1O)C(O)CO,CCCCCCCCCCCCCCCCCCCCCCCCCCCC,CCCCCCCCCCCCCCCCCCCCC,CCCCCCCCCCCCCCCCCCCCCCC,O=C(C)CCCC(C)CCCC(C)CCCC(C)C,OC1=CC=C(C=C)C=C1OC,O1C=2C=CC=CC2CC1,O=C(C)C,O=C1C(=C(C)CC1)CC=CCC,O=C1C(C)(C)C2CCC1(C)C2,O=CC1=CCC2CC1C2(C)C,CCCCCCCC,O=C(OC1C(C(=C2CC1C2(C)C)C)C3(C(=C4CC(C3)C4(C)C)C)C5C(=C6CC(C5)C6(C)C)C)C,C1=C(C)CCC2C1C2(C)C,C=1C2=C(CCC1C)C(C)CCC2C(C)C,O=C(C1=CC=C2OC(C)(C)CCC2=C1)C,OC1C(=C)CCC2C(C(=C)CC1)CC2(C)C,C1=C(C)C2C3C(C1)C2(C)CCCC3(C)C,C(=C(C)C)CCC1(C)C2CC3C(C2)C31C,C=C1C2CCC(C2)C1(C)CCC=C(C)C,O=C(OCCC(C)CCC=C(C)C)CCCC,leaf,aerial,flower,fruit,whole.plant,manufactured.oil,source_article,Country,native_status,invasive_status,Location,wild.not_wild,iso2c,Sampling_date,Sample_year,Latitude,Longitude,Preciptation..mm...annual,Humidity..Av..Rel...monthly.or.annum.....,Average.high.Temperature..annual.or.month...celcius.,Average.low.Temperature..celcius.,Soil_Tot_N_mg.kg,Soil.P.mg.kg,Soil.pH,SOC_.,Elevation,Fire.Risk..VIIRS.alerts.2020.,Flood_risk..1.yes..0.no.,Deforestation..total.tree.cover.loss.over.18yrs.,Agronomic_act_close_prox..1.yes.0.no.,plantae_SR_20yrecords_under75km,plantae_20ySR_country,an_SR_20yrecords_under75km,an_20ySR_country,X1st_record_of_invasive
2,Lantana camara,3.5,1.3,2.8,10.4,1.8,2.7,0,0.7,0,0,0,0,1.4,2.7,3.5,18.8,0,3.2,1.8,0,0,0,0,0,0,0,0,0,0,0,0,0,0,0,0,0,0,0,0,0,0,0,0,0,0,0,0,0,0,0,0,0,0,0,0,0,0,0,0,0,0,0,0,0,0,0,0,0,0,0,0,0,0,0,0,0,0,0,0,0,0,0,0,0,0,0,0,0,0,0,0,0,0,0,0,0,0,0,0,0,0,0,0,0,0,0,0,0,0,0,0,0,0,0,0,0,0,0,0,0,0,0,0,0,0,0,0,0,0,0,0,0,0,0,0,0,0,0,0,0,0,0,0,0,0,0,0,0,0,0,0,0,0,0,0,0,0,0,0,0,0,0,0,0,0,0,0,0,0,0,0,0,0,0,0,0,0,0,0,0,0,0,0,0,0,0,0,0,0,0,0,0,0,0,0,0,0,0,0,0,0,0,0,0,0,0,0,0,0,0,0,0,0,0,0,0,0,0,0,0,0,0,0,0,0,0,0,0,0,0,0,0,0,0,0,0,0,0,0,0,0,0,0,0,0,0,0,0,0,0,0,0,0,0,0,0,0,0,0,0,0,0,0,0,0,0,0,0,0,0,0,0,0,0,0,0,0,0,0,0,0,0,0,0,0,0,0,0,0,0,0,0,0,0,0,0,0,0,0,0,0,0,0,0,0,0,0,0,0,0,0,0,0,0,0,0,0,0,0,0,0,0,0,0,0,0,0,0,0,0,0,0,0,0,0,0,0,0,0,0,0,0,0,0,0,0,0,0,0,0,0,0,0,0,0,0,0,0,0,0,0,0,0,0,0,0,0,0,0,0,0,0,0,0,0,0,0,0,0,0,1,0,0,0,0,Chemical Composition and Analyses of Enantiomers of Essential Oils from Madagascar,Madagascar,1,1,"CNARP, Antananrivo",0,MG,0,0,-18.8817789,47.515252,1437,76,24.7,14,32,740,4.89,1.92,1280,1596,1,20,1,446,4231,218,1976,1928
3,Lantana camara,0.9,0,0.6,0,0.5,0,22.1,0,0,0.1,0.2,0,0.1,0.6,0,23.1,0,0,0.4,0.1,0.6,0.2,0.1,0.1,13.7,0.2,0.2,0.5,2.9,0.6,3.9,0.1,0.1,1,0.9,0.3,0.2,0.2,0.6,0,0.2,0,0.6,0,0.3,1.7,0,3.3,0.3,0.4,0.2,0.4,1.4,0.5,3.7,0,0.1,0.1,0.1,1,2,0,1.2,0,0,0,0,0,0,0,0,0,0,0,0,0,0,0,0,0,0,0,0,0,0,0,0,0,0,0,0,0,0,0,0,0,0,0,0,0,0,0,0,0,0,0,0,0,0,0,0,0,0,0,0,0,0,0,0,0,0,0,0,0,0,0,0,0,0,0,0,0,0,0,0,0,0,0,0,0,0,0,0,0,0,0,0,0,0,0,0,0,0,0,0,0,0,0,0,0,0,0,0,0,0,0,0,0,0,0,0,0,0,0,0,0,0,0,0,0,0,0,0,0,0,0,0,0,0,0,0,0,0,0,0,0,0,0,0,0,0,0,0,0,0,0,0,0,0,0,0,0,0,0,0,0,0,0,0,0,0,0,0,0,0,0,0,0,0,0,0,0,0,0,0,0,0,0,0,0,0,0,0,0,0,0,0,0,0,0,0,0,0,0,0,0,0,0,0,0,0,0,0,0,0,0,0,0,0,0,0,0,0,0,0,0,0,0,0,0,0,0,0,0,0,0,0,0,0,0,0,0,0,0,0,0,0,0,0,0,0,0,0,0,0,0,0,0,0,0,0,0,0,0,0,0,0,0,0,0,0,0,0,0,0,0,0,0,0,0,0,0,0,0,0,0,0,0,0,0,0,0,0,0,0,0,0,0,0,0,0,0,0,0,0,0,0,0,0,0,0,0,0,0,0,0,0,0,0,0,0,0,0,0,0,0,0,0,0,0,0,1,0,0,0,Floral scents in butterfly-pollinated plants: possible convergence in chemical composition,Sweden,1,0,"the Butterfly House, Trädgårdsföreningen, Göteborg",0,SE,0,0,57.7064492,11.976649,874.8,77.4,12.5,6,16700,0,3.73,37.9,12,0,1,17,0,268,1797,229,799,2003
4,Lantana camara,0.5,0,0.7,0,0.6,0.7,0.8,0.1,0.1,1.3,0,0.1,0.4,0.7,0,23.3,0.3,0,0.3,0,0,0,0,0,11.5,0,0,0.6,0,0,0,0,0,0,2.8,0,0,0,0,0,2.3,0,0,0,0,10.9,0,0,0,0,0,1.2,0,0,2.2,0.3,0,0,0,0,0,0,0,0,0.3,0.6,0.1,7.3,6.3,0.1,0.1,0,0,0,0,0,0,0,0,0,0,0,0,0,0,0,0,0,0,0,0,0,0,0,0,0,0,0,0,0,0,0,0,0,0,0,0,0,0,0,0,0,0,0,0,0,0,0,0,0,0,0,0,0,0,0,0,0,0,0,0,0,0,0,0,0,0,0,0,0,0,0,0,0,0,0,0,0,0,0,0,0,0,0,0,0,0,0,0,0,0,0,0,0,0,0,0,0,0,0,0,0,0,0,0,0,0,0,0,0,0,0,0,0,0,0,0,0,0,0,0,0,0,0,0,0,0,0,0,0,0,0,0,0,0,0,0,0,0,0,0,0,0,0,0,0,0,0,0,0,0,0,0,0,0,0,0,0,0,0,0,0,0,0,0,0,0,0,0,0,0,0,0,0,0,0,0,0,0,0,0,0,0,0,0,0,0,0,0,0,0,0,0,0,0,0,0,0,0,0,0,0,0,0,0,0,0,0,0,0,0,0,0,0,0,0,0,0,0,0,0,0,0,0,0,0,0,0,0,0,0,0,0,0,0,0,0,0,0,0,0,0,0,0,0,0,0,0,0,0,0,0,0,0,0,0,0,0,0,0,0,0,0,0,0,0,0,0,0,0,0,0,0,0,0,0,0,0,0,0,0,0,0,0,0,0,0,0,0,0,0,0,0,0,0,0,0,0,0,0,0,0,0,0,0,0,0,0,0,1,0,0,0,0,0,Chemical Composition of the Leaf Oil of <i>Lantana</i> <i>camara</i>,India,1,1,"Dehra Dun Valley, North India",1,IN,0,0,30.3241684,78.032233,2183.5,61,28,15.6,0,0.7475,7.86,0,652,92,1,0.77,1,444,3723,68,1246,2020
5,Lantana camara,2.1,0.1,1.8,1.5,0,0,1.2,0.9,0.2,0,0.3,0.1,4.9,0.7,0.8,9.4,0.5,0.1,2.1,0,0,0,0,0,2.7,0.1,3.3,0.3,1.7,0,0,0,0,0,7.3,0,0.1,0.5,0,0,0,10.3,0.1,0,0.2,20.5,0,0,0,0,0,1.7,0,0,2.3,3.8,0,0,0,0,0,0,0.6,0,0,0.4,0.2,0,0,2.6,0,0.2,0.2,1.4,0.2,0.2,0.8,0.1,0.1,0.2,1.2,0.1,1.6,0.4,1.3,0.1,0.3,0.1,0.1,0.5,1,1.1,0.7,0.1,0.3,0.1,0.2,0.1,0.1,0.1,0.6,0,0,0,0,0,0,0,0,0,0,0,0,0,0,0,0,0,0,0,0,0,0,0,0,0,0,0,0,0,0,0,0,0,0,0,0,0,0,0,0,0,0,0,0,0,0,0,0,0,0,0,0,0,0,0,0,0,0,0,0,0,0,0,0,0,0,0,0,0,0,0,0,0,0,0,0,0,0,0,0,0,0,0,0,0,0,0,0,0,0,0,0,0,0,0,0,0,0,0,0,0,0,0,0,0,0,0,0,0,0,0,0,0,0,0,0,0,0,0,0,0,0,0,0,0,0,0,0,0,0,0,0,0,0,0,0,0,0,0,0,0,0,0,0,0,0,0,0,0,0,0,0,0,0,0,0,0,0,0,0,0,0,0,0,0,0,0,0,0,0,0,0,0,0,0,0,0,0,0,0,0,0,0,0,0,0,0,0,0,0,0,0,0,0,0,0,0,0,0,0,0,0,0,0,0,0,0,0,0,0,0,0,0,0,0,0,0,0,0,0,0,0,0,0,0,0,0,0,0,0,0,0,0,0,0,0,0,0,0,0,0,0,0,0,0,0,0,0,0,0,0,0,0,0,0,0,0,0,0,0,0,0,0,0,0,0,0,0,0,0,0,0,0,0,0,0,0,0,1,0,0,0,0,0,Chemical composition of leaf and flower essential oil of <i>Lantana</i> <i>camara</i> from India,India ,1,1,"Kukrail Reserved Forest, Lucknow",1,IN,0,0,26.9219416,80.99759,917.3,55,32,18.6,19,133.5,6.78,1.03,123,353,0,0,0,8,3723,2,1246,2020
6,Lantana camara,0,0,0,1.8,0,0,0.1,0.2,0,0,0.3,0.1,10.7,0.8,1.2,7,0.2,0,2.5,0,0,0,0,0,2.7,0.1,7.2,0,1.5,0,0,0,0,0,14.5,0,0,0.5,0,0,0,6.8,0.6,0,0.4,10.6,0,0,0,0,0,0,0,0,0.1,4.4,0,0,0,0,0,0,0.7,0,0,0.3,0.2,0,0,0,0,0,0,0.2,0,0,1.3,0,0.1,0.1,1.9,0.9,1.2,0.5,2,0.2,0.1,0.2,0,0.6,0.8,1.8,2,0.4,1,0.9,0.2,0.3,0.3,0.5,0,0.1,0.1,0.1,1.4,0.1,0.1,0.9,0.4,0.4,0.2,0,0,0,0,0,0,0,0,0,0,0,0,0,0,0,0,0,0,0,0,0,0,0,0,0,0,0,0,0,0,0,0,0,0,0,0,0,0,0,0,0,0,0,0,0,0,0,0,0,0,0,0,0,0,0,0,0,0,0,0,0,0,0,0,0,0,0,0,0,0,0,0,0,0,0,0,0,0,0,0,0,0,0,0,0,0,0,0,0,0,0,0,0,0,0,0,0,0,0,0,0,0,0,0,0,0,0,0,0,0,0,0,0,0,0,0,0,0,0,0,0,0,0,0,0,0,0,0,0,0,0,0,0,0,0,0,0,0,0,0,0,0,0,0,0,0,0,0,0,0,0,0,0,0,0,0,0,0,0,0,0,0,0,0,0,0,0,0,0,0,0,0,0,0,0,0,0,0,0,0,0,0,0,0,0,0,0,0,0,0,0,0,0,0,0,0,0,0,0,0,0,0,0,0,0,0,0,0,0,0,0,0,0,0,0,0,0,0,0,0,0,0,0,0,0,0,0,0,0,0,0,0,0,0,0,0,0,0,0,0,0,0,0,0,0,0,0,0,0,0,0,0,0,0,0,0,0,0,0,0,0,0,0,0,0,0,0,0,0,0,1,0,0,0,Chemical composition of leaf and flower essential oil of <i>Lantana</i> <i>camara</i> from India,India ,1,1,"Kukrail Reserved Forest, Lucknow",1,IN,0,0,26.9219416,80.99759,917.3,55,32,18.6,19,133.5,6.78,1.03,123,353,0,0,0,8,3723,2,1246,2020
7,Lantana camara,3.5,1.2,2.3,2.1,0.7,10,2.7,0.3,0.4,0.5,0,1.6,0.8,1.1,0.5,14,0.9,0,1.1,0,0,0,0,0,6,0,0,0.3,0,0,0,0,0.2,0,1.9,0,0,0,0.4,0,1.6,0.6,0,0,0,3.6,0,0,0,0,0,1.4,0,0,16.5,0.6,0,0,1.4,0,0,0,3.1,0,0,0.3,0.6,0,0,0.5,0,0.4,0,0,0,0,0,0.4,0,0,0,0,0,0,2,0,0.3,0,0,0,0,0,0,0,0,0,0,0,0,0,0,0,0,0,0,0,0,0,0,0,0,0.2,0.3,0.2,8.1,0.2,0,0,0,0,0,0,0,0,0,0,0,0,0,0,0,0,0,0,0,0,0,0,0,0,0,0,0,0,0,0,0,0,0,0,0,0,0,0,0,0,0,0,0,0,0,0,0,0,0,0,0,0,0,0,0,0,0,0,0,0,0,0,0,0,0,0,0,0,0,0,0,0,0,0,0,0,0,0,0,0,0,0,0,0,0,0,0,0,0,0,0,0,0,0,0,0,0,0,0,0,0,0,0,0,0,0,0,0,0,0,0,0,0,0,0,0,0,0,0,0,0,0,0,0,0,0,0,0,0,0,0,0,0,0,0,0,0,0,0,0,0,0,0,0,0,0,0,0,0,0,0,0,0,0,0,0,0,0,0,0,0,0,0,0,0,0,0,0,0,0,0,0,0,0,0,0,0,0,0,0,0,0,0,0,0,0,0,0,0,0,0,0,0,0,0,0,0,0,0,0,0,0,0,0,0,0,0,0,0,0,0,0,0,0,0,0,0,0,0,0,0,0,0,0,0,0,0,0,0,0,0,0,0,0,0,0,0,0,0,0,0,0,0,0,0,0,0,0,0,0,0,0,0,0,0,0,0,0,0,0,0,0,0,0,1,0,0,0,0,Essential oil of <i>Lantana</i> <i>camara</i> L. occurring in Iran,Iran,1,1,"Dezful (Khuzistan Province, South Iran)",0,IR,0,0,32.4270368,48.426709,384.4,47,32.1,15.6,880,10,8.2,1.4,150,2971,0,0.28,1,26,1523,75,1349,not_recorded
8,Lantana camara,0.2,0,0.2,0,0,0,0,0,0,0,0.3,0,1.8,1.9,0,2,0.4,0,2.6,0,0,0,0,0,2.4,0,1.7,0,0.6,0,0,0,0,0,2.5,0,0,0.1,0,0,0,2.6,1.2,0,0,7.1,0,0,0,0,0,0.1,0,0,0.2,3.4,0,0,0,0,0,0,1.1,0,0,0.9,0,0,0,0,0,0,0,0,0,0,0.6,0,0,0.4,0.4,0.6,3.1,1.2,0.8,0,0,0.6,0,0.4,0.5,2,1.8,0.2,0,0,0,0.2,0,0,0,0,0.2,0,0,0,0,0.3,0,0.8,22.8,0,0,0,0,0,2,0.2,3.4,4.6,0.4,0.7,12.8,0.9,0,0,0,0,0,0,0,0,0,0,0,0,0,0,0,0,0,0,0,0,0,0,0,0,0,0,0,0,0,0,0,0,0,0,0,0,0,0,0,0,0,0,0,0,0,0,0,0,0,0,0,0,0,0,0,0,0,0,0,0,0,0,0,0,0,0,0,0,0,0,0,0,0,0,0,0,0,0,0,0,0,0,0,0,0,0,0,0,0,0,0,0,0,0,0,0,0,0,0,0,0,0,0,0,0,0,0,0,0,0,0,0,0,0,0,0,0,0,0,0,0,0,0,0,0,0,0,0,0,0,0,0,0,0,0,0,0,0,0,0,0,0,0,0,0,0,0,0,0,0,0,0,0,0,0,0,0,0,0,0,0,0,0,0,0,0,0,0,0,0,0,0,0,0,0,0,0,0,0,0,0,0,0,0,0,0,0,0,0,0,0,0,0,0,0,0,0,0,0,0,0,0,0,0,0,0,0,0,0,0,0,0,0,0,0,0,0,0,0,0,0,0,0,0,0,0,0,0,0,0,0,0,0,0,0,0,0,0,0,0,0,0,0,0,0,0,0,0,0,0,0,0,0,0,0,0,0,0,1,0,0,Chemical composition of fruit and stem essential oils of <i>Lantana</i> <i>camara</i> from northern India,India,1,1,"Kukrail Reserved Forest, Lucknow",1,IN,0,0,26.9219416,80.99759,917.3,55,32,18.6,19,133.5,6.78,1.03,123,353,0,0,0,8,3723,2,1246,2020
9,Lantana camara,0.2,0,0.2,0.1,0,0,0,0.1,0.1,0,0.2,0,1.6,1.1,0.7,1.4,0.8,0,1,0,0,0,0,0,0.7,0,1.3,0,0.4,0,0,0,0,0,0.8,0,0,0.2,0,0,0,2.2,1.1,0,0,3.6,0,0,0,0,0,0.1,0,0,0.3,1.9,0,0,0,0,0,0,0.2,0,0,0.6,0.5,0,0,0.2,0,0,0.2,0,0,0,0.6,0,0.4,0.1,0.3,0.5,2.3,0.6,0.3,0,0,0.3,0,0.2,0.4,0.7,0.9,1.2,0,0,0,0.3,0,0.1,0,0,0.3,0.1,0.3,0,0,0.3,0,0.3,32.7,0,0,0,0,0,4.1,0.2,0.5,0.6,0.4,0.6,23.9,0,0.3,0.2,0.4,0.1,0.2,0,0,0,0,0,0,0,0,0,0,0,0,0,0,0,0,0,0,0,0,0,0,0,0,0,0,0,0,0,0,0,0,0,0,0,0,0,0,0,0,0,0,0,0,0,0,0,0,0,0,0,0,0,0,0,0,0,0,0,0,0,0,0,0,0,0,0,0,0,0,0,0,0,0,0,0,0,0,0,0,0,0,0,0,0,0,0,0,0,0,0,0,0,0,0,0,0,0,0,0,0,0,0,0,0,0,0,0,0,0,0,0,0,0,0,0,0,0,0,0,0,0,0,0,0,0,0,0,0,0,0,0,0,0,0,0,0,0,0,0,0,0,0,0,0,0,0,0,0,0,0,0,0,0,0,0,0,0,0,0,0,0,0,0,0,0,0,0,0,0,0,0,0,0,0,0,0,0,0,0,0,0,0,0,0,0,0,0,0,0,0,0,0,0,0,0,0,0,0,0,0,0,0,0,0,0,0,0,0,0,0,0,0,0,0,0,0,0,0,0,0,0,0,0,0,0,0,0,0,0,0,0,0,0,0,0,0,0,0,0,0,0,0,0,0,0,0,0,0,0,0,1,0,0,0,0,Chemical composition of fruit and stem essential oils of <i>Lantana</i> <i>camara</i> from northern India,India,1,1,"Kukrail Reserved Forest, Lucknow",1,IN,0,0,26.9219416,80.99759,917.3,55,32,18.6,19,133.5,6.78,1.03,123,353,0,0,0,8,3723,2,1246,2020
10,Lantana camara,2.8,0,2.7,0,1.1,0,0.2,0.5,0.3,0,0.4,0.1,1,0.9,1,24.6,0.3,1.3,1.8,0,0,0,0,0,19.5,0,0,0.6,0,0,0,0,0,0.6,0.2,0,0,0,0.7,0,0,0,0,0,1,5.7,0,0,1,0,0,0.7,0,0,8.8,1.3,0,0,0,0,0,0,0,0,0,0,0,0,0,0.7,0,0.3,0,0,0,0,0,0.1,0,0,0,0,0,0,0,0,0,0,0,0,0,0.4,0,0,0,0,0,0,0,0,0,0,0,0,0,0,0,0,0,0,0,0,0,0,2.6,0,0,5.7,0,0,0,0,0,0,0,0,0,0,0,0.1,0.7,1.1,1.2,0.1,0.2,0,0,0,0,0,0,0,0,0,0,0,0,0,0,0,0,0,0,0,0,0,0,0,0,0,0,0,0,0,0,0,0,0,0,0,0,0,0,0,0,0,0,0,0,0,0,0,0,0,0,0,0,0,0,0,0,0,0,0,0,0,0,0,0,0,0,0,0,0,0,0,0,0,0,0,0,0,0,0,0,0,0,0,0,0,0,0,0,0,0,0,0,0,0,0,0,0,0,0,0,0,0,0,0,0,0,0,0,0,0,0,0,0,0,0,0,0,0,0,0,0,0,0,0,0,0,0,0,0,0,0,0,0,0,0,0,0,0,0,0,0,0,0,0,0,0,0,0,0,0,0,0,0,0,0,0,0,0,0,0,0,0,0,0,0,0,0,0,0,0,0,0,0,0,0,0,0,0,0,0,0,0,0,0,0,0,0,0,0,0,0,0,0,0,0,0,0,0,0,0,0,0,0,0,0,0,0,0,0,0,0,0,0,0,0,0,0,0,0,0,0,0,0,0,0,0,0,0,0,0,0,0,0,0,0,0,0,0,0,0,0,0,0,0,1,0,0,0,0,0,Volatile Leaf oil constituents of <i>Lantana</i> <i>camara</i> L from Nigeria,Nigeria,1,1,University of Ibadan Botanic Gardens ,0,NG,0,0,7.4429821,3.8954,1233,83,30.8,21.5,1100,39.39,6.29,0.85,230,371,1,12,1,399,1640,400,1718,2003
11,Lantana camara,0.8,0.6,0,1.7,0,4.6,0,1.2,3.6,0,0.1,0.8,3.6,0.7,0.6,3.9,0,0,0.5,0,0,0,0,0,9.3,0,0,0.5,0,0,0,0,0,0,0,0,0,0,1.5,0,1.5,0,0,0,6.2,15.9,0,0,0.2,0,0,0,0,0,1.1,0.5,0,0.3,0,0,0,0,0,0,0,0,1.2,0,0,0,0,0,0,0,0,0,0,0.8,0,0,0,0,0,0,0.1,0,0,0,0.2,0,0,0,0,0,0,0,0,0.2,0,0,0,0,0,0,0,0.5,0,0,0,0,0.1,0,0,0,4.7,0,0,0,0,0,0,2,0,0,0,0,0,0,0.2,0,0,0,0,0,0,0.1,0.1,0.1,0.1,0.1,0.5,0.2,0.1,0.3,0.2,0.2,1,0.2,0.2,0.3,5.4,0.8,1.5,0.8,0.3,0.1,1.3,0.5,0.2,0.1,0.9,0.4,0.1,0.7,0,0,0,0,0,0,0,0,0,0,0,0,0,0,0,0,0,0,0,0,0,0,0,0,0,0,0,0,0,0,0,0,0,0,0,0,0,0,0,0,0,0,0,0,0,0,0,0,0,0,0,0,0,0,0,0,0,0,0,0,0,0,0,0,0,0,0,0,0,0,0,0,0,0,0,0,0,0,0,0,0,0,0,0,0,0,0,0,0,0,0,0,0,0,0,0,0,0,0,0,0,0,0,0,0,0,0,0,0,0,0,0,0,0,0,0,0,0,0,0,0,0,0,0,0,0,0,0,0,0,0,0,0,0,0,0,0,0,0,0,0,0,0,0,0,0,0,0,0,0,0,0,0,0,0,0,0,0,0,0,0,0,0,0,0,0,0,0,0,0,0,0,0,0,0,0,0,0,0,0,0,0,0,0,0,0,0,0,0,0,0,0,0,0,0,0,0,0,0,0,0,0,0,0,0,0,0,0,0,0,0,0,0,0,0,0,1,0,0,0,0,Chemical composition of the essential oils of <i>Lantana</i> <i>camara</i> L. occurring in south China,China,1,1,"South China Agricultural University Campus, Guangzhou",0,CN,0,0,23.1570845,113.354454,1736.1,78,26.3,18.9,14,200,4.36,1.84,21,85,1,19,1,171,5702,88,2382,1917
12,Lantana camara,0.8,0,0.7,0,0,0,0.8,0,0,0,0,0,0,0,0,16.2,0,0,0,0,0,0,0,0,2,0,0.2,0,0,0,0,0,0,0,1.1,0,0,0,1.2,0,0.3,0,0,0,1.1,28.6,0,0,0,0,0,0.4,0,0,0.5,3.6,0,0,0,0,0,0,0,0,0,0,0,0,0,0,0,0,0,0,0,0,0,0.6,0,0,0,0,0,0,0,0,0,0,0,0,0,0,4.9,0,0,0,0,0,0,0,0,0,0,0,0,0,0,0,0,0,0,0,0,0,14.7,0.4,0,0.2,0,0,0,0,0,0,0,0,0,0,0,0,0,0,0,0,0,0,0,0,0,0,0,0,0,0,0,0,0,0,0,0,0,0,0,0,0,0,0,0,0,0,0,0,0,0,0.3,0.3,0.3,19.9,0.3,1.09,0,0,0,0,0,0,0,0,0,0,0,0,0,0,0,0,0,0,0,0,0,0,0,0,0,0,0,0,0,0,0,0,0,0,0,0,0,0,0,0,0,0,0,0,0,0,0,0,0,0,0,0,0,0,0,0,0,0,0,0,0,0,0,0,0,0,0,0,0,0,0,0,0,0,0,0,0,0,0,0,0,0,0,0,0,0,0,0,0,0,0,0,0,0,0,0,0,0,0,0,0,0,0,0,0,0,0,0,0,0,0,0,0,0,0,0,0,0,0,0,0,0,0,0,0,0,0,0,0,0,0,0,0,0,0,0,0,0,0,0,0,0,0,0,0,0,0,0,0,0,0,0,0,0,0,0,0,0,0,0,0,0,0,0,0,0,0,0,0,0,0,0,0,0,0,0,0,0,0,0,0,0,0,0,0,0,0,0,0,0,0,0,0,0,0,0,0,0,0,0,0,0,0,0,0,0,0,0,0,1,0,0,0,0,0,Essential Oil Composition of Two <i>Lantana</i> Species from Mountain Forests of Pernambuco (Norhteast of Brazil),Brazil,0,0,"Brejo da Madre de Deus, Pernambuco mountain forests ",1,BR,0,0,-8.1395871,-36.371481,675,75.7,26.5,17.2,3.75,0,5.24,0,740,558,1,1,0,57,6772,4,3480,2018
13,Lantana camara,3.02,0,0,0,0,0,0,0,0,0,0,0,0,0,0,0,0,0,0,0,0,0,0,0,0,0,0,3.52,0,0,0,0,0,0,0,0,0,0,6.47,0,5.59,0,0,0,0,3.96,0,0,0,0,0,0,0,0,4.51,0,0,0,0,0,0,0,0,0,0,0.66,0,0,0,0,0,0,0,0,0,0,0,0,0,0,0,0,0,0,0,0,0,0,0,0,0,0,0,0,0,0,0,0,0,0,0,0,0,0,0,0,0,0,0,0,0,0,0,0,2.46,0,0,0,0,0,0,0,0,0,0,0,0,0,0,0,0,0,0,0,0,0,0,0,0,0,0,0,0,0,0,0,0,0,0,0,0,0,0,0,0,0,0,0,0,0,0,0,0,0,6.73,0,0,0,0,0,15.23,1.62,5.75,2.23,4.15,7.79,0.66,0,0,0,0,0,0,0,0,0,0,0,0,0,0,0,0,0,0,0,0,0,0,0,0,0,0,0,0,0,0,0,0,0,0,0,0,0,0,0,0,0,0,0,0,0,0,0,0,0,0,0,0,0,0,0,0,0,0,0,0,0,0,0,0,0,0,0,0,0,0,0,0,0,0,0,0,0,0,0,0,0,0,0,0,0,0,0,0,0,0,0,0,0,0,0,0,0,0,0,0,0,0,0,0,0,0,0,0,0,0,0,0,0,0,0,0,0,0,0,0,0,0,0,0,0,0,0,0,0,0,0,0,0,0,0,0,0,0,0,0,0,0,0,0,0,0,0,0,0,0,0,0,0,0,0,0,0,0,0,0,0,0,0,0,0,0,0,0,0,0,0,0,0,0,0,0,0,0,0,0,0,0,0,0,0,0,0,0,0,0,0,0,0,0,0,0,0,0,0,0,0,0,0,1,0,0,0,0,"Triterpenoids, essential oil and photo-oxidative 28->13-lactonization of oleanolic acid from <i>Lantana</i> <i>camara</i>",India,1,1,"Kukrail Reserved Forest, Lucknow",1,IN,0,0,26.9219416,80.99759,917.3,55,32,18.6,19,133.5,6.78,1.03,123,353,0,0,0,8,3723,2,1246,2020
14,Lantana camara,0.25,0.02,0,0.04,0.19,0,0.18,0.02,0.05,0.62,0,0,0,0.77,0.35,35.9,0.29,0.07,10.04,0,0,0,0,0,3.72,0.08,0.14,0,0,1.34,0,0,0,0,6.41,0,0,0,0,0,1.2,0,0,0,0,2.85,0,0,0,0,0,0.67,0,0,1.56,1.49,0,0.08,0.04,0,0.83,0,0.07,0,0,0.07,0.03,0.3,0,0.05,0,0.02,0,0,0,0,0,0,0,0,0,0,0,0,0,0,0,0,0,0,0,0.57,0,0,0,0,0,0,0,0,0,0,0,0,0,0,0,0,0,0,0,0,0,0,0,0,0,0,0,0,0,0.3,0,0,0,0,0,0,0,0,0,0.14,0,0,0,0,0,0,0,0,0,0,0,0,0,0,0,0,0,0,0,0,0,0,0,0,0,0,0,0,0,0,0,0,0,0,0,0,0.04,0,0,0,0,0,2.74,0,0,0.01,0.06,0.02,0.08,0.07,0.27,1,0.14,0.91,0.08,0.04,0.5,0.19,0.22,0.16,0.27,2.48,0.15,0.08,0,0,0,0,0,0,0,0,0,0,0,0,0,0,0,0,0,0,0,0,0,0,0,0,0,0,0,0,0,0,0,0,0,0,0,0,0,0,0,0,0,0,0,0,0,0,0,0,0,0,0,0,0,0,0,0,0,0,0,0,0,0,0,0,0,0,0,0,0,0,0,0,0,0,0,0,0,0,0,0,0,0,0,0,0,0,0,0,0,0,0,0,0,0,0,0,0,0,0,0,0,0,0,0,0,0,0,0,0,0,0,0,0,0,0,0,0,0,0,0,0,0,0,0,0,0,0,0,0,0,0,0,0,0,0,0,0,0,0,0,0,0,0,0,0,0,0,0,0,0,0,0,0,0,0,0,0,0,0,0,0,0,0,0,0,0,0,0,0,0,0,0,0,0,0,0,0,0,0,0,0,0,0,0,1,0,0,0,0,Gc And Gc/Ms Analyses Of The Algerian <i>Lantana</i> Camara Leaf Essential Oil: Effect Against Sitophilus Granarius Adults,Algeria,1,0,"The university of sciences and techology botanic gardens, algiers",0,DZ,0,0,36.7115039,3.18184,91.7,67,23.7,11.9,230,0.12,7.76,0.65,424,6,0,5.6,1,349,1313,355,931,2011
15,Lantana camara,0,0,0,0,0,0,0,0,0,0,0,0.49,0.22,0,4.81,11.64,0,0,0,0,0,0,0,0,0.37,0,0,0,0,0,0,0,0,0,1.22,0,0,0,0,0,0.66,0,0,0,21.3,0,0,0,0,0,0,0,0,0,0,0,0,0,0,0,0,0,0,0,0,0,0,0,0,0,0,0,0,0,0,0,0,0,0,0,0,0,0,0,1.93,0,0,0,0,0,0,0,0,0,0,0,0,0,0,0,0,0,0,0,0,0,0,0,0,0,0,0,0,0,0,0.24,0,0,0,0,0,2.23,0,0,0,0,0,0,0,0.21,0,0,0,0,0,0,0,0,0,0,0,0,0,0,0,0,0,0,0,0,0,0,0,0,0,0,0,0,0,0,0,0,0,0,0,0,0,0,0,0,0,0,0,9.8,0,0,0,0,0,0,0,0,0,0,0,0,0,0,0,0,0,0,0,0,0,0,39.34,0,0,0,0,0,0,0,0,0,0,0,0,0,0,0,0,0,0,0,0,0,0,0,0,0,0,0,0,0,0,0,0,0,0,0,0,0,0,0,0,0,0,0,0,0,0,0,0,0,0,0,0,0,0,0,0,0,0,0,0,0,0,0,0,0,0,0,0,0,0,0,0,0,0,0,0,0,0,0,0,0,0,0,0,0,0,0,0,0,0,0,0,0,0,0,0,0,0,0,0,0,0,0,0,0,0,0,0,0,0,0,0,0,0,0,0,0,0,0,0,0,0,0,0,0,0,0,0,0,0,0,0,0,0,0,0,0,0,0,0,0,0,0,0,0,0,0,0,0,0,0,0,0,0,0,0,0,0,0,0,0,0,0,0,0,0,0,0,0,0,0,0,0,0,0,0,0,0,0,0,0,0,1,0,0,0,0,0,Effect Of Collection Time On Essential Oil Composition Of <i>Lantana</i> Camara Linn (Verbenaceae) Growing In Brazil Northeastern,Brazil,0,0,"Small Aromatic and Medicinal Plants Garden of the Natural Products Research Laboratory (LPPN), University Regional do Cariri (URCA), Crato, Ceara state",0,BR,01/04/2018 00:00,2018,-7.2273907,-39.324727,1608.4,85.2,29.7,23.4,1100,0,6.8,2.35,422,1702,1,10,1,0,610,0,504,2018
16,Lantana camara,0,0,0,0,0,0,0,0,0,0,0,0,0.49,0,3.53,4.13,0,0,0,0,0,0,0,0,0,0,0,0,0,0,0,0,0,0,1.19,0,0,0,0,0,0,0,0,0,0,0,0,0,0,0,0,0,0,0,0,0,0,0,0,0,0,0,0,0,0,0,0,0,0,0,0,0,0,0,0,0,0,0,0,0,0,0,0,0,25.04,0,0,0,0,0,0,21.32,0,0,0,0,0,0,0,0,0,0,0,0,0,0,0,0,0,0,0,0,0,0,0,0.64,0,0,0,0,0,0,0,0,0,0,0,0,0,0,0,0,0,0,0,0,0,0,0,0,0,0,0,0,0,0,0,0,0,0,0,0,0,0,0,0,0,0,0,0,0,0,0,0,0,0,0,0,0,0,0,0,0,3.45,0,0,0,0,0,0,0,0,0,0,0,0,0,0,0,0,0,0,0,0,0,0,2.77,1.18,0,0,0,0,0,0,0,0,0,0,0,0,0,0,0,0,0,0,0,0,0,0,0,0,0,0,0,0,0,0,0,0,0,0,0,0,0,0,0,0,0,0,0,0,0,0,0,0,0,0,0,0,0,0,0,0,0,0,0,0,0,0,0,0,0,0,0,0,0,0,0,0,0,0,0,0,0,0,0,0,0,0,0,0,0,0,0,0,0,0,0,0,0,0,0,0,0,0,0,0,0,0,0,0,0,0,0,0,0,0,0,0,0,0,0,0,0,0,0,0,0,0,0,0,0,0,0,0,0,0,0,0,0,0,0,0,0,0,0,0,0,0,0,0,0,0,0,0,0,0,0,0,0,0,0,0,0,0,0,0,0,0,0,0,0,0,0,0,0,0,0,0,0,0,0,0,0,0,0,0,0,1,0,0,0,0,0,Effect Of Collection Time On Essential Oil Composition Of <i>Lantana</i> Camara Linn (Verbenaceae) Growing In Brazil Northeastern,Brazil,0,0,"Small Aromatic and Medicinal Plants Garden of the Natural Products Research Laboratory (LPPN), University Regional do Cariri (URCA), Crato, Ceara state",0,BR,01/04/2018 00:00,2018,-7.2273907,-39.324727,1608.4,85.2,29.7,23.4,1100,0,6.8,2.35,422,1702,1,10,1,0,610,0,504,2018
17,Lantana camara,0,0,0,0,0,0,0,0,0,0,0,0,0.6,0,0,25.04,0,0,0,0,0,0,0,0,4.56,0,0,0,0,0,0,0,0,0,1.31,0,0,0,0,0,1.07,0,0,0,22.9,0,0,0,0,0,0,0,0,0,0,0.48,0,0,0,0,0,0,0,0,0,0,0,0,0,0,0,0,0,0,0,0,0,0,0,0,0,0,0,0,1.97,0,0,0,0,0,0,0,0,0,0,0,0,0,0,0,0,0,0,0,0,0,0,0,0,0,0,0,0,0,20.74,0,0,0,0,0,0,0,0,0,0,0,0,0,0,0,0,0,0,0,0,0,0,0,0,0,0,0,0,0,0,0,0,0,0,0,0,0,0,0,0,0,0,0,0,0,0,0,0,0,0.23,0,0,0,0,0,0,0,0,0,0,0,0,0,0,0,0,0,0,0,0,0,0,0,0,0,0,0,0,0,0,0,3.27,0,19.46,0,0,0,0,0,0,0,0,0,0,0,0,0,0,0,0,0,0,0,0,0,0,0,0,0,0,0,0,0,0,0,0,0,0,0,0,0,0,0,0,0,0,0,0,0,0,0,0,0,0,0,0,0,0,0,0,0,0,0,0,0,0,0,0,0,0,0,0,0,0,0,0,0,0,0,0,0,0,0,0,0,0,0,0,0,0,0,0,0,0,0,0,0,0,0,0,0,0,0,0,0,0,0,0,0,0,0,0,0,0,0,0,0,0,0,0,0,0,0,0,0,0,0,0,0,0,0,0,0,0,0,0,0,0,0,0,0,0,0,0,0,0,0,0,0,0,0,0,0,0,0,0,0,0,0,0,0,0,0,0,0,0,0,0,0,0,0,0,0,0,0,0,0,0,0,0,0,0,0,0,1,0,0,0,0,0,Effect Of Collection Time On Essential Oil Composition Of <i>Lantana</i> Camara Linn (Verbenaceae) Growing In Brazil Northeastern,Brazil,0,0,"Small Aromatic and Medicinal Plants Garden of the Natural Products Research Laboratory (LPPN), University Regional do Cariri (URCA), Crato, Ceara state",0,BR,01/04/2018 00:00,2018,-7.2273907,-39.324727,1608.4,85.2,29.7,23.4,1100,0,6.8,2.35,422,1702,1,10,1,0,610,0,504,2018
18,Lantana camara,0,0,0,0,0,0,0,0,0,0,0,0,1.19,0,1.15,5.78,0,0,0,0,0,0,0,0,0,0,0,0,0,0,0,0,0,0,2.06,0,0,0,1.54,0,0,5.57,0,0,15.1,0,0,0,0,0,0,0,0,0,0,0.37,0,0,0,0,0,0,0,0,0,0,0,0,0,0,0,0,0,0,0,0,0,0.32,0,0,0,0,0,0,1.06,0,0,0,0,0,0,0,0,0,0,0,0,0,0,0,0,0,0,0,0,0,0,0,0,0,0,0,0,0,33.32,5.32,0,0,0,0,0,2.8,0,0,0,0,0,0,0,0,0,0,0,0,0,0,0,0,0,0,0,0,0,0,0,0,0,0,0,0,0,0,0,0,0,0,0,0,0,0,0,0,0,0,0.38,0,0,0,0,0,0,0,0,0,0,0,0,0,0,0,0,0,0,0,0,0,0,0,0,0,0,0,0,0,0,0,11.15,0,0,0,0,0,0,0,0,0,0,0,0,0,0,0,0,0,0,0,0,0,0,0,0,0,0,0,0,0,0,0,0,0,0,0,0,0,0,0,0,0,0,0,0,0,0,0,0,0,0,0,0,0,0,0,0,0,0,0,0,0,0,0,0,0,0,0,0,0,0,0,0,0,0,0,0,0,0,0,0,0,0,0,0,0,0,0,0,0,0,0,0,0,0,0,0,0,0,0,0,0,0,0,0,0,0,0,0,0,0,0,0,0,0,0,0,0,0,0,0,0,0,0,0,0,0,0,0,0,0,0,0,0,0,0,0,0,0,0,0,0,0,0,0,0,0,0,0,0,0,0,0,0,0,0,0,0,0,0,0,0,0,0,0,0,0,0,0,0,0,0,0,0,0,0,0,0,0,0,0,0,0,1,0,0,0,0,0,Effect Of Collection Time On Essential Oil Composition Of <i>Lantana</i> Camara Linn (Verbenaceae) Growing In Brazil Northeastern,Brazil,0,0,"Small Aromatic and Medicinal Plants Garden of the Natural Products Research Laboratory (LPPN), University Regional do Cariri (URCA), Crato, Ceara state",0,BR,01/04/2018 00:00,2018,-7.2273907,-39.324727,1608.4,85.2,29.7,23.4,1100,0,6.8,2.35,422,1702,1,10,1,0,610,0,504,2018
19,Lantana camara,0,0,0,0,0,0,0,0,0,0,0,0,0.31,0,0.21,0.33,0,0,0,0,0,0,0,0,0,0,0,0,0,0,0,0,0,0,1.48,0,0,0,0,0,0.82,0,0,0,6.15,0,0,0,0,0,0,0,0,0,0,0,0,0,0,0,0,0,0,0,0,0,0,0,0,0,0,0,0,0,0,0,0,0,0,0,0,0,0,0,0,0,0,0,0,0,0,27.93,0,0,0,0,0,0,0,0,0,0,0,0,0,0,0,0,0,0,0,0,0,0,14.27,0,0,0,0,0,0,1.12,0,0,0,0,0,0,0,0,0,0,0,0,0,0,0,0,0,0,0,0,0,0,0,0,0,0,0,0,0,0,0,0,0,0,0,0,0,0,0,0,0,0,0,0,0,0,0,0,0,0,0,0,0,0,0,0,0,0,0,0,0,0,0,0,0,0,0,0,0,0,0,0,0,0,20.64,0,0,0,0,0,0,0,0,0,0,0,0,0,0,0,0,0,0,0,0,0,0,0,0,0,0,0,0,0,0,0,0,0,0,0,0,0,0,0,0,0,0,0,0,0,0,0,0,0,0,0,0,0,0,0,0,0,0,0,0,0,0,0,0,0,0,0,0,0,0,0,0,0,0,0,0,0,0,0,0,0,0,0,0,0,0,0,0,0,0,0,0,0,0,0,0,0,0,0,0,0,0,0,0,0,0,0,0,0,0,0,0,0,0,0,0,0,0,0,0,0,0,0,0,0,0,0,0,0,0,0,0,0,0,0,0,0,0,0,0,0,0,0,0,0,0,0,0,0,0,0,0,0,0,0,0,0,0,0,0,0,0,0,0,0,0,0,0,0,0,0,0,0,0,0,0,0,0,0,0,0,0,1,0,0,0,0,0,Effect Of Collection Time On Essential Oil Composition Of <i>Lantana</i> Camara Linn (Verbenaceae) Growing In Brazil Northeastern,Brazil,0,0,"Small Aromatic and Medicinal Plants Garden of the Natural Products Research Laboratory (LPPN), University Regional do Cariri (URCA), Crato, Ceara state",0,BR,01/04/2018 00:00,2018,-7.2273907,-39.324727,1608.4,85.2,29.7,23.4,1100,0,6.8,2.35,422,1702,1,10,1,0,610,0,504,2018
20,Lantana camara,0,0,0.2,0,0,0,1.9,1.4,0.8,0,0,0,0.4,0,2.3,19.6,0.6,0,1.7,0,0,0,0,0,2.1,0,0,0,0,0,0,0,0,0,1.2,0,0,0,0.5,0,0,1.6,0,0,0,12.3,0,0,0,0,0,0.4,0,0,4.8,0,0,0,0,0,0,0,0,0,0,0,0,0,0,0.6,0,0,0,0,0,0,0,0,0,0,0,0,0,0,2.6,0,0,0,0,0,0,0,0,0,0,0,0,0,0,0,0,0,0,0,0,0,0,0,0,0,0,0,0,0,19.4,0,0,0,0,0,0,0,0,0,0,0,0,0,0,0,0,0,0,0,0,0,0,0,0,0,0,0,0,0,0,0,0,0,0,0,0,0,0,0,0,0,0,0,0,0,0,0,0,0,0,0,0,0,0,1.6,0,0,0,0,0,0,0,0,0,0,0,0,0,0,0,0,0,0,0,0,0,0,0,0,0,0,18.5,0,0,5.2,0,0,0,0,0,0,0,0,0,0,0,0,0,0,0,0,0,0,0,0,0,0,0,0,0,0,0,0,0,0,0,0,0,0,0,0,0,0,0,0,0,0,0,0,0,0,0,0,0,0,0,0,0,0,0,0,0,0,0,0,0,0,0,0,0,0,0,0,0,0,0,0,0,0,0,0,0,0,0,0,0,0,0,0,0,0,0,0,0,0,0,0,0,0,0,0,0,0,0,0,0,0,0,0,0,0,0,0,0,0,0,0,0,0,0,0,0,0,0,0,0,0,0,0,0,0,0,0,0,0,0,0,0,0,0,0,0,0,0,0,0,0,0,0,0,0,0,0,0,0,0,0,0,0,0,0,0,0,0,0,0,0,0,0,0,0,0,0,0,0,0,0,0,0,0,0,0,0,0,1,0,0,0,0,0,Chemical Composition Of The Essential Oils Of Lantana Camara L. And Lantana Montevidensis Briq. And Their Synergistic Antibiotic Effects On Aminoglycosides,Brazil,0,0,"Small Aromatic and Medicinal Plants Garden of the Natural Products Research Laboratory (LPPN), University Regional do Cariri (URCA), Crato, Ceara state",0,BR,01/04/2018 00:00,2018,-7.2273907,-39.324727,1608.4,85.2,29.7,23.4,1100,0,6.8,2.35,422,1702,1,10,1,0,610,0,504,2018
21,Lantana camara,0.31,0,0.56,0,0.11,0.12,0.04,0.09,0,0.28,0.11,0,0.16,0.28,0.34,13.26,0.27,0.7,8.57,0,0,0,0,0,1.38,0.57,0.45,0.02,2.75,24.69,0,0,0,0.21,1.2,0.69,0,0,0.34,0,0.3,0,0.51,0,0,0.91,0,0,0,0,0,0.02,0,0,0.15,1.17,0,0,0,0,0,0,0.25,0,0.02,0,0.34,0,2.21,0.02,0,0,0,0,0,0,0.28,0,0,0,0.86,1.42,0,0,1.48,0,0,0,0,0,0,0,0.28,0,0,0,0,0,0,0,0,0,0,0.22,0,0,0,0,0,0,0,0,0,0,0,0,0,0.39,0,0,0,0.96,0,0,0,0,0,0,0,0,0,0,0.68,0,0,0,0,0,0,0,0,0,0,0.49,0,0,0,0,0,0,0,0,0,0,0,0,0,0,0,0,0,0,0,0,0,0,0,0,0,0,0,0,0,0,0,0,0,0,0,0,0,0,0,0,0,0,0,0,0,0,0,0,0,0,0,0,0,0,0,0,0,0,0,0,0.11,1.06,0.62,0.12,0,0.17,0,1.81,0.19,0.24,0,0,0,0,0,0,0,0,0,0,0,0,0,0,0,0,0,0,0,0,0,0,0,0,0,0,0,0,0,0,0,0,0,0,0,0,0,0,0,0,0,0,0,0,0,0,0,0,0,0,0,0,0,0,0,0,0,0,0,0,0,0,0,0,0,0,0,0,0,0,0,0,0,0,0,0,0,0,0,0,0,0,0,0,0,0,0,0,0,0,0,0,0,0,0,0,0,0,0,0,0,0,0,0,0,0,0,0,0,0,0,0,0,0,0,0,0,0,0,0,0,0,0,0,0,0,0,0,0,0,0,0,0,0,0,0,0,0,0,0,0,0,0,0,0,0,0,0,0,0,0,0,0,0,0,0,0,0,0,0,0,0,0,0,0,0,1,0,0,0,0,Chemical Composition Of Essential Oils Of <i>Lantana</i> Camara Leaves And Flowers From Cameroon And Madagascar,Cameroon,1,1,"University of Ngaoundre Garden, Adamaoua plateau",0,CM,March & September 1998,1998,7.4341544,13.625246,1496.7,63,29,15.2,14,3.03,4.88,2.39,1212,1503,1,2.7,1,0,386,0,379,1968
22,Lantana camara,3.68,1.99,2.59,2.26,1.62,2.83,1.15,0.78,0.29,0.14,0.16,0.54,0.44,3.43,0.24,11.98,0,2.98,1.44,0,0,0,0,0,6.17,0,1.24,0.31,0.02,0.78,0,0,0,1.01,0.89,0.15,0.01,0,0.87,0,0.93,0,0,0,0,1.35,0,0,0,0,0,0.63,0,0,9.02,1.31,0,0,0,0,0,0,2.28,0,0.04,0,0.41,15.94,0.51,0.96,0,0,0,0,0,0,0,0.04,0,0,1.01,0,0,0,0.68,0,0,0,0,0,0,0.41,0,0,0,0,0,0,0,0,0,0,0,0,0,0,0,0,0,0,0,0.19,0,0,2.59,0.41,0,1.63,0,0,0,0.15,0,0,0.01,0,0,0,0,0,0,0.19,1.94,0,0,0,0,0,0,0,0,0,0,0,0,0,0,0,0,0,0,0,0,0,0.08,0,0,0,0,0,0,0,0,0,0,0,0,0,0,0,0.84,0,0,0,0,0,0,0,0,0,0,0,0,0,0,0,0,0,0,0,0,0,0,0,0,0,0,0,0,0,0,0,0,0,0,0.01,0,0,0.21,0.82,0,0,0,0,0,0,0,0,0,0.02,0,0,0.01,0,0.11,0.08,0,0,0,0,0,0,0,0,0,0,0,0,0,0,0,0,0,0,0,0,0,0,0,0,0,0,0,0,0,0,0,0,0,0,0,0,0,0,0,0,0,0,0,0,0,0,0,0,0,0,0,0,0,0,0,0,0,0,0,0,0,0,0,0,0,0,0,0,0,0,0,0,0,0,0,0,0,0,0,0,0,0,0,0,0,0,0,0,0,0,0,0,0,0,0,0,0,0,0,0,0,0,0,0,0,0,0,0,0,0,0,0,0,0,0,0,0,0,0,0,0,0,0,0,0,0,0,0,0,0,0,0,0,0,0,0,0,0,0,0,0,0,0,0,0,0,0,0,0,0,0,0,0,0,1,0,0,0,0,Chemical Composition Of Essential Oils Of <i>Lantana</i> Camara Leaves And Flowers From Cameroon And Madagascar,Madagascar,1,1,"Proimpex Agro Industries, Antananarivo",0,MG,0,0,-18.8817789,47.515252,1437,76,24.7,14,322200,740,4.89,1.92,1280,1596,1,20,1,446,4231,218,1976,1928
23,Lantana camara,0,0,0,0,0,0,0,0,0.3,0.1,0.1,0,0.1,0.3,0.2,4.8,0.1,0.1,0,0,0,0,0,0,4.9,0,0.5,0,0,0.6,0,0,0,0.2,0.4,0,0,0,0.9,0,8,0.1,0,0,2.3,1.9,0,0,0,0,0,0,0,0,0,1.6,0,0,0,0,0,0,43.4,0,0,0.1,0.2,0,0,0.2,0.3,0,0,0,0,0,0,0.1,0,0,0,0,0,0,0,0,0,0,0,0,0,0,0,0,0,0,0,0,0,0,0,0,0,0,0,0,0,0,0,0,0,0,0,0,0,0,0,0,0,0,0,0,0,0,0,0,0,0,0,0.1,2.1,0,0,0,0,0,0,0,0,0,0,0.1,0,0,0,0,0,0,0,0,0,0,0,0,0,0,0,0,0,0,0,0,0,0,0.3,0.5,0,0,1.7,0,0,0,0,0,3.6,0,0,0,0,0,0,0,0,0,0,0,0,0,0,0,0,0,0,0,0,0,0,0,0,0,0,0,0,0,0,0,0,0,0.1,0,0,0,0,0,0,0,0,0,0,0,0,0,0,0,0.1,0,0,0.1,0,0,0.2,0.1,0.1,0.1,0.1,0,0,0,0,0,0,0,0,0,0,0,0,0,0,0,0,0,0,0,0,0,0,0,0,0,0,0,0,0,0,0,0,0,0,0,0,0,0,0,0,0,0,0,0,0,0,0,0,0,0,0,0,0,0,0,0,0,0,0,0,0,0,0,0,0,0,0,0,0,0,0,0,0,0,0,0,0,0,0,0,0,0,0,0,0,0,0,0,0,0,0,0,0,0,0,0,0,0,0,0,0,0,0,0,0,0,0,0,0,0,0,0,0,0,0,0,0,0,0,0,0,0,0,0,0,0,0,0,0,0,0,0,0,0,0,0,0,0,0,0,0,0,0,0,1,0,0,0,0,0,Chemical Composition Of The Essential Oil Of <i>Lantana</i> Camara L. From Cuba,Cuba,0,0,"Experimental Plantation, Havana",0,CU,0,0,23.1161335,-82.357755,1189,76,28.8,21.6,213,213,6.7,0,59,26,0,8.1,1,408,2687,169,754,1904
24,Lantana camara,2.11,0,0,1.22,0,1.43,0,0,0.42,0,1.15,3.57,0,1.61,0,15.57,0,0,0.21,0,0,0,0,0.41,9.16,0,0,0,0,0,0,0,0,0,0,0,0,0,0,0,0,0,0,0,0,5.23,0,0,0,0,0,0,0,0,4.28,0,0,0,1.09,0,0,0,0,0,0,1.77,1.15,0.99,0,0.42,0,0,0,0,0,0,0,0,0,0,0,0,0,0,6.02,0,0,0,0,0,0,0,0,0,6.38,0,0,0,0,0,0,0,0,0,0,0,0,0,0,0,0,0,0,0,6.69,0,0,0,0,0,0,0,0,0,0,0,0,0,0,0,0,0,0,0,0,0,0,0,0,0,0,0,0,0,0,0,0,0,1.78,0,0,0,0,0,0,0,0,0,0,0,0,0,0,0,0,0,0,0,0,0,0,0,0,0,0,0,0,0,0,0,0,0,0,0,0,0,0,0,0,0,0,0,0,0,0,0,0,0,0,0,0,0,0,0,0,0,0,0,3.22,0,0,0,0,0,0,0,0,0,0,0,0,0,0,0,0,0,0,0,0,0,0,0,0,0,0,0.46,3.78,5.08,4.22,0.15,0.32,2.65,0,0,0,0,0,0,0,0,0,0,0,0,0,0,0,0,0,0,0,0,0,0,0,0,0,0,0,0,0,0,0,0,0,0,0,0,0,0,0,0,0,0,0,0,0,0,0,0,0,0,0,0,0,0,0,0,0,0,0,0,0,0,0,0,0,0,0,0,0,0,0,0,0,0,0,0,0,0,0,0,0,0,0,0,0,0,0,0,0,0,0,0,0,0,0,0,0,0,0,0,0,0,0,0,0,0,0,0,0,0,0,0,0,0,0,0,0,0,0,0,0,0,0,0,0,0,0,0,0,0,0,0,0,0,0,0,0,1,0,0,0,0,0,"Chemical Composition, Antibacterial And Antioxidant Activities Of Leaves Essential Oils From Syzygium Cumini L., Cupressus Sempervirens L. And Lantana Camara L. From Egypt",Egypt,1,1,"Antoniadis Garden, Horticultural Research Institute, Alexandria, Egypt",0,EG,0,0,31.2522315,29.905273,195.9,67.92,24.9,15.8,2,775,8.77,0.11,5,11,1,1.4,1,238,853,62,1654,1986
25,Lantana camara,0.38,0,1.03,0,0,0,0,0,0,0,0,0,0,0,0,31.14,0,0.34,0.99,0,0,0,0,0,14.32,0,0,0,0,6.33,0,0,0,0,3.51,0,0,0,0,0,0,0,0,0,0,0,0,0,0,0,0,0,0,0,1.33,0,0,0,0,0,0,0,1.05,0,0,0,0,23.37,0,0,0,0,0,0,0,0,0,0,0,0,0,0,0,0,0,0,0,0,0,0,0,0,0,0,0,0,0,0,0,0,0,0,0,0,0,0,0,0,0,0,0,0,0,0,0,0,0,0,0,0,0,0,0,0,0,0,0,0,0,0,0,4.43,0,0,0,0,0,0,0,0,0,0,0,0,0,0,0,0,0,0,0,0,0,0,0,0,0,0,0,0,0,0,0,0,0,0,0,0,0,1.99,0,0,0,0,0.34,0,0,0,0,0,0,0,0,0,0,0,0,0,0,0,0,0,0,0,0,0,0,0,0,0,0,0,0,0,0,0,0,0,0,0,0,0,0,0,0,0,0,0,0,0,0,0,0,0,0,0,0,0,0,0,0,0,0,0,0,0,0,0,0,0,0,0,2.3,0.65,1.07,0,0,0,0,0,0,0,0,0,0,0,0,0,0,0,0,0,0,0,0,0,0,0,0,0,0,0,0,0,0,0,0,0,0,0,0,0,0,0,0,0,0,0,0,0,0,0,0,0,0,0,0,0,0,0,0,0,0,0,0,0,0,0,0,0,0,0,0,0,0,0,0,0,0,0,0,0,0,0,0,0,0,0,0,0,0,0,0,0,0,0,0,0,0,0,0,0,0,0,0,0,0,0,0,0,0,0,0,0,0,0,0,0,0,0,0,0,0,0,0,0,0,0,0,0,0,0,0,0,0,0,0,0,0,1,0,0,0,0,0,Antimicrobial And Antioxidant Activities Of Leaves And Flowers Essential Oils Of Egyptian <i>Lantana</i> Camara L.,Egypt,1,1,"Antoniadis Garden, Horticultural Research Institute, Alexandria, Egypt",0,EG,0,0,31.2522315,29.905273,195.9,67.92,24.9,15.8,2,775,8.77,0.11,5,11,1,1.4,1,238,853,62,1654,1986
26,Lantana camara,0.33,0.11,0.18,0.54,0.29,1.25,0.14,0,0.11,0,0,0.26,0.76,2.96,0.37,21.42,0,0,1.29,0,0,0,0,0,9.97,0,0,0.04,0,0,0,0,0,0,0.94,0,0,0,0.52,0,0.47,0.44,0,0,0,2.19,0,0,0,0,0,0.39,0,0,1.13,0,0,0,0.42,0,0,0,18.85,0,0.14,1.29,0.84,1.94,0,0.33,0,0.08,0,0,0,0,0,0,0,0,0,0,0,0,0.29,0,0,0,0,0,0,0,0,0,0,0,0,0,0,0,0,0,0,0,0,0,0,0,0,0,0,0.19,0,0,2.18,0,0,0,0,0,0,0,0,0,0.43,0,0,0,0,0,0,0,0,0,0,0,0,0,0,0,0,0,0,0,0,0,0,0,1.26,0,0,0,0,0,0,0,0,0,0,0,0,0,0,0,0,0,0,0,0,0,0,0,0,0,0,0,0,0,0,0,0,0,0,0,0,0,0,0,0,0,0,0,0,0,0,0,0,0,0,0,0,0,0,0,0,0,0,0,0,0,0,0,0,0,0,0,0,0,0,0,0,0,0,0,0,0,0,0,0,0,0,0,0,0,0,0,0,0,0,0,0,0,0,0,0,0,0,0,0,0,0,0,0,0,0,0,0,0,0,0,0,0,0,0,0,0,0,0,0,0,0,0,0,0,0,0,0,0,0,0,0,0,0,0,0,0,0,0,0,0,0,0,0,0,0,0,0,0,0,0,0,0,0,0,0,0,0,0,0,0,0,0,0,0,0,0,0,0,0,0,0,0,0,0,0,0,0,0,0,0,0,0,0,0,0,0,0,0,0,0,0,0,0,0,0,0,0,0,0,0,0,0,0,0,0,0,0,0,0,0,0,0,0,0,0,0,0,0,0,0,0,0,0,0,0,0,0,0,0,0,0,0,1,0,0,Chemical Composition Of <i>Lantana</i> Camara Fruit Essential Oil,India,1,1,Ghaziabad,0,IN,Nov-11,2011,28.670357,77.465501,762.3,48,28.2,8.6,0,0,7.98,0.52,214,353,0,1.2,1,2,283,2,414,2020
27,Lantana camara,1.04,0,0,0,0,0,0,0,0,0,0,0,0,0,7,16.24,0,0,3.07,0,0,0,0,0,23.26,0,0,0,1.11,0,0,0,0,0,1.03,0,0,0,0,0,0,0,0,0,0,13.16,0,0,0,0,0,0,0,0,2.12,0,0,0,0,0,0,0,0,0,0,1.83,0,0,0,0,0,0,0,0,0,0,0,0,0,0,0,0,0,0,0,0,0,2.54,0,0,0,0,0,0,0,0,0,0,0,0,0,0,0,1.03,0,0,0,0,0,0,0,0,0,0,12.54,0,0,0,0,0,0,0,0,0,0,0,0,0,0,0,0,0,0,0,0,0,0,0,0,0,0,0,0,0,0,0,0,0,0,0,0,0,0,0,0,0,0,0,0,0,0,0,0,0,0,0,0,0,0,0,0,0,0,0,0,0,0,0,0,0,0,0,0,0,0,0,0,0,0,0,0,0,0,0,0,0,0,0,0,0,0,0,0,0,0,0,0,0,0,0,0,0,0,0,0,0,0,0,0,0,0,0,0,0,0,0,0,0,0,0,0,0,0,0,0,0,0,0,0,0,0,0,0,0,0,4.02,0,0,0,0,0,0,0,0,0,0,0,0,0,0,0,0,0,0,0,0,0,0,0,0,0,0,0,0,0,0,0,0,0,0,0,0,0,0,0,0,0,0,0,0,0,0,0,0,0,0,0,0,0,0,0,0,0,0,0,0,0,0,0,0,0,0,0,0,0,0,0,0,0,0,0,0,0,0,0,0,0,0,0,0,0,0,0,0,0,0,0,0,0,0,0,0,0,0,0,0,0,0,0,0,0,0,0,0,0,0,0,0,0,0,0,0,0,0,0,0,0,0,0,0,0,0,0,0,0,0,0,0,0,0,0,0,1,0,0,Bioactivity Of <i>Lantana</i> Camara L. Essential Oil Against Callosobruchus Maculatus (FABRICIUS),Iran,1,1,"Ramin Agriculture and Natural Resources University, Khuzestan province",0,IR,Spring 2011,2011,31.596686,48.883753,209.2,40,32.3,17.7,4,45.6,7.39,0,17,2971,0,0.28,1,8,295,11,312,not_recorded
28,Lantana camara,4.3,1.3,2.9,2.1,0,14.8,0.8,0.3,0.5,0,0,1.5,0.3,0.7,0,12.7,1.4,0,0,0,0,0,0,0,6.3,0,0,0.3,0,0,0,0,0,0.2,0,0,0,0,0.2,0,0.1,0,0,0,1.9,1.1,0,0,0,0,0,2.1,0,0,19.6,0.3,0,0,0,0,0,0,0.2,0,0,1.3,1,0,0,0.6,0,0.6,0,0,0,0,0,0,0,0,0,0,0,0,0,0,0,3,0,0,0,0,0,0,0,0,0,0,0,0,0,0,0,0,0,0,0,0,0,0,0,0.3,0,0,2.3,0,0,0.4,0,0,0,0.15,0,0,1.5,0,0,0,0,0,0,0.3,0,0,0,0,0,0,0,0,0,0,0,0,0,0,0,0,0,0,0,0,0,0,0,0,0,0,0,0,0,0,0,0,0,0,0,0,0,0,0,0,0,0,0,0,0,0,0,0,0,0,0,0,0,0,0,0,0,0,0,0,0,0,0,0,0,0,0,0,0,0,0,0,0,0,0,0,0,0,0,0,0,0,0,0,0,0,0,0,0,0,0,0,0,0,0,0,0,0,0,0,0,0,0,0,0,0,0,0,0,0,0,0,0,0,0.2,0,0,0,0,0,0,0,0,0,0,0,0,0,0,0,0,0,0,0,0,0,0,0,0,0,0,0,0,0,0,0,0,0,0,0,0,0,0,0,0,0,0,0,0,0,0,0,0,0,0,0,0,0,0,0,0,0,0,0,0,0,0,0,0,0,0,0,0,0,0,0,0,0,0,0,0,0,0,0,0,0,0,0,0,0,0,0,0,0,0,0,0,0,0,0,0,0,0,0,0,0,0,0,0,0,0,0,0,0,0,0,0,0,0,0,0,0,0,0,0,0,0,0,0,0,0,0,0,0,0,0,0,0,0,0,0,1,0,Essential Oil Of <i>Lantana</i> Camara L. Var. Aculeata From Nigeria,Nigeria,1,1,"Lagos State University campus, Lagos",0,US,0,0,6.5722616,3.36821,104.3,83,30.8,22.8,0,354.5,0,0,41,28,1,16,1,176,1640,535,1718,2020
29,Lantana camara,1.9,1,2.1,1.7,0,15.8,2.1,0,0.6,0.3,0,1.6,0.3,0,0,8.9,0,0,0,0,0,0,0,0,0,0,0,0.3,0,0,0,0,0,0,0.2,0,0,0,0,0,1,0,0,0,0,1.4,0,0,0,0,0,0,0,0,14.7,0.4,0,0,0,0,0,0,5.9,0,0,1.3,1,0,0,0,0,0.4,0,0,0,0,0,0,0,0,0,0,0,0,3.4,0,0,0,0,0,0,0,0,0,0,0,0,0,0,0,0,0,0,0,0,0,0,0,0,0,0,0.3,0,0,2.8,0,0,0,0,0,0,0,0,0,0,0,0,0,0,0,0,0,0,0,0,0,0,0,0,0,0,0,0,0,0,0,0,0,1.7,0,0,0,0,0,0,0,0,0,0,0,0,0,0,0,0.5,0,0,0,0,0,0,0,0,0,0,0,0,0,0,0,0,0,0,0,0,0,0,0,0,0,0,0,0,0,0,0,0,0,0,0,0,0,0,0,0,0,0,0,0,0,0,0,0,0,0,0,0,0,0,0,0,0,0,0,0,0,0,0,0,0,0,0,0,0,0,0,0,0,0,0,0,0,0,0,0,0,0,0,0.2,2.5,0.2,0,0,0,0,0,0,0,0,0,0,0,0,0,0,0,0,0,0,0,0,0,0,0,0,0,0,0,0,0,0,0,0,0,0,0,0,0,0,0,0,0,0,0,0,0,0,0,0,0,0,0,0,0,0,0,0,0,0,0,0,0,0,0,0,0,0,0,0,0,0,0,0,0,0,0,0,0,0,0,0,0,0,0,0,0,0,0,0,0,0,0,0,0,0,0,0,0,0,0,0,0,0,0,0,0,0,0,0,0,0,0,0,0,0,0,0,0,0,0,0,0,0,0,0,0,0,0,0,0,0,0,1,0,0,Antibacterial Activity And Cytotoxicity Of Essential Oil Of <i>Lantana</i> Camara L. Leaves From Nigeria,Nigeria,1,1,University of Ibadan Botanic Gardena,0,0,0,0,0,0,0,0,0,0,0,0,0,0,0,0,0,0,0,0,0,0,0,0
30,Lantana camara,1.5,0.7,1.6,1.6,0,9,1.4,0.2,0.4,0.6,0,1.3,0.5,0.7,0.7,18.5,1.5,0,0.8,0,0,0,0,0,10,0,0,0,0,0,0,0,0,0,0.8,0,0,0,0.4,0,1,0,0,0,0,2,0,0,0,0,0,1.5,0,0,13.1,0.9,0,0,0.7,0,0,0,4,0,0,0.7,0.6,3.9,0,0,0,0.2,0,0,0,0,0,0,0,0,0,0,0,0,1,0,0,1.2,0,0,0,0,0,0,0,0,0,0,0,0,0,0,0,0,0,0,0,0,0,0,0,0.2,0,0,0,0,0,0,0,0,0,0,0,0,0,0,0,0,0,0,0,0,0,0,0,0,0,0,0,0,0,0,0,0,0,0,0,0,0,0,0,0,0,0,0,0,0,0,0,0,0,0,0,0,0,0,0,0,0,0,0,0,0,0,0,0,0,0,0,0,0,0,0,0,0,0,0,0,0,0,0,0,0,0,0,0,0,0,0,0,0,0,0,0,0,0,0,0,0,0,0,0,0,0,0,0,0,0,0,0,0,0,0,0,0,0,0,0,0,0,0,0,0,0,0,0,0,0,0,0,0,0,0,0,0,0,0,0,0,0,0,9.07,5,0,0,0,0,0,0,0,0,0,0,0,0,0,0,0,0,0,0,0,0,0,0,0,0,0,0,0,0,0,0,0,0,0,0,0,0,0,0,0,0,0,0,0,0,0,0,0,0,0,0,0,0,0,0,0,0,0,0,0,0,0,0,0,0,0,0,0,0,0,0,0,0,0,0,0,0,0,0,0,0,0,0,0,0,0,0,0,0,0,0,0,0,0,0,0,0,0,0,0,0,0,0,0,0,0,0,0,0,0,0,0,0,0,0,0,0,0,0,0,0,0,0,0,0,0,0,1,0,0,0,0,0,Bioactivity Of Essential Oil From Fresh Leaves Of <i>Lantana</i> Camara Against Fungi Isolated From Stored Cowpea In Southern Benin,Benin,1,1,"Abomey-Calavi, south Benin",0,BJ,0,0,6.4492616,2.345147,1300,84,31,24,620,498,6.06,0.68,54,31,0,45,1,1002,1751,732,1068,1971
31,Lantana camara,1.9,0,1.9,2.2,5.7,5.2,0.8,0,0.9,0,0,0.5,0.5,1,1.4,14.8,0,0,0,0,0,0,0,0,1.3,0,0,6.7,0,0,0,0,0.5,0.5,0.7,0,0.8,0,0.8,0,0.6,0,0,0,0,31,0,0,0,0,0,0.7,0,0,1.4,0,0,0,0,1.6,0,0,0,0,0,0,0,0,0,0,0,0,0,0,0,0,0,0,0,0,0.9,0,0,0,0,0,0,0,0,0,0,0,0,0,0,0,0,0,0,0,0,0,0,0,0,0,0,0,0,0,0,0,0,0,0,0,0,0,0,0,0,0,0,0,0,0,0,0,0,0,0,0.4,0,0,0,0,0,0,0,0,0,0,0,0,0,0,0,0,0,0,0,0,0,0,0,0,0,0,0,0,0,0,0,0,0,0,0,0,0,0,0,0,0,0,0.3,0,0,0,0,0,0,0,0,0,0,0,0,0,0,0,0,0,0,0,0,0,0,0,0,0,0,0,0,0,0,0,0,0,0,0,0,0,0,0,0,0,0,0,0,0,0,0,0,0,0,0,0,0,0,0,0,0,0,0,0,0,0,0,0,0,0,0,0,0,0,0,0,0,2.3,0,0,0,0,0.6,5.1,0,0,0,0,0,0,0,0,0,0,0,0,0,0,0,0,0,0,0,0,0,0,0,0,0,0,0,0,0,0,0,0,0,0,0,0,0,0,0,0,0,0,0,0,0,0,0,0,0,0,0,0,0,0,0,0,0,0,0,0,0,0,0,0,0,0,0,0,0,0,0,0,0,0,0,0,0,0,0,0,0,0,0,0,0,0,0,0,0,0,0,0,0,0,0,0,0,0,0,0,0,0,0,0,0,0,0,0,0,0,0,0,0,0,0,0,0,0,0,0,0,0,0,0,1,0,0,0,0,0,Chemical Composition and Antibacterial Activity of the Essential Oil of Lantana camara var. moritziana,Venezuela,0,0,"Rubio, Táchira State",0,VE,Apr-10,2010,7.6991351,-72.359562,0,76,26,17,49,42,4.03,11.03,835,66,0,6.4,1,25,439,5,449,1929
32,Lantana camara,0,0,0,0,0,0,0,0,0,2.19,0,0,0.37,1.81,0,12.28,0,0,0.54,0,0,0,0,0,3.99,0,0,0,7.63,0,0,0,0,0,0,0.34,0.5,0,0,0,0,0,0,0,0,1.44,0,0,0,0,0,0,0,0,0.24,1.56,0,0,1.23,0,1.11,0,0,0,0.17,0,0,0,7.5,0,0,0,0,0,0,0,0,0,0,0,0,2.42,0,0,0,0,0,0.21,0,0,0,0,0.24,0,0,0,0,0,0,0,0,0,0,0,0,0,0,0,0,0,0,0,0,0,1.4,0,0,0,0,0,0,1.47,0,0,0,0,0,0,0,0,0,0,0,0,0,0,0,0,0,0,0,0,0,0,0,0,0,0,0,0,0,0,0,0,0,0,0,0,0,0,0,0,0,0,0,0,0,0,0,0,0,0,0,0,0,0,0,0,0,0,0,0,0,0,0,0,0,0,0,0,0,0,0,0,0,0,0,0,0,0,0,0,0,0,0.19,0,0,0,0,0.29,0,0,0,0,0,0,0,0,0,0,0,0,0,0,0,0,0,0,0,0,0,0,0,0,0,0,0,0,0,0,0,0,0,0,0,0,0,0,0,0,0,0,0,0,0,0.44,0.4,0.3,28.86,0.3,0.53,0.35,0.13,0,0,0,0,0,0,0,0,0,0,0,0,0,0,0,0,0,0,0,0,0,0,0,0,0,0,0,0,0,0,0,0,0,0,0,0,0,0,0,0,0,0,0,0,0,0,0,0,0,0,0,0,0,0,0,0,0,0,0,0,0,0,0,0,0,0,0,0,0,0,0,0,0,0,0,0,0,0,0,0,0,0,0,0,0,0,0,0,0,0,0,0,0,0,0,0,0,0,0,0,0,0,0,0,0,0,0,0,0,0,0,0,0,0,0,0,1,0,0,0,0,0,"Chemical composition and antibacterial activity of essential oils of Lantana camara, Ageratum houstonianum and Eupatorium adenophorum",India,1,1,Palampur,1,IN,Sep-07,2007,32.1137565,76.54016,2493,75.24,21.1,12,40,0,5.79,4.02,0,61,0,0.34,1,0,301,0,308,2020
33,Melaleuca quinquenervia,0.1,0,0,0,0.1,0,0,0,0,0,0,0,0,20.3,0,0,0,0,0.8,0,0,0,0,0,0.1,0,0,0,0,0,0.7,0,0,0,0,0,0,0,0,0,0,0,0.1,0,0,0,0,0.2,0,0,0,0,0,0,0,0,0,0,0,0,0,0,74.2,0,0,0.1,0,0,0,0.1,0,0,0,0,0,0,0,0,0,0,0,0,0,0,0,0,0,0,0,0,0,0.1,0,0,0.6,0,0,0,0,0,0,0,0,0,0,0,0,0,0,0,0,0,0,0,0,0.3,0,0,0,0,0,0,0,0,0,0,0,0,0,0,0,0,0,0,0,0,0,0,0,0,0,0,0,0,0,0,0,0,0,0,0,0,0,0,0,0,0,0,0,0,0,0,0,0,0,0,0,0,0.1,0,0,0,0,0,0,0,0,0,0,0,0,0,0,0,0,0,0,0,0,0,0,0,0,0,0,0,0,0,0,0,0,0,0,0,0,0,0,0,0,0,0,0,0,0,0,0,0,0,0,0,0,0,0,0,0,0,0,0,0,0,0,0,0,0,0,0,0,0,0,0,0,0,0,0,0,0,0,0,0,0,0,0,0,0,0,0,0,0,0,0,0,0,0,0.1,0.2,0.2,0.1,0,0,0,0,0,0,0,0,0,0,0,0,0,0,0,0,0,0,0,0,0,0,0,0,0,0,0,0,0,0,0,0,0,0,0,0,0,0,0,0,0,0,0,0,0,0,0,0,0,0,0,0,0,0,0,0,0,0,0,0,0,0,0,0,0,0,0,0,0,0,0,0,0,0,0,0,0,0,0,0,0,0,0,0,0,0,0,0,0,0,0,0,0,0,0,0,0,0,0,0,0,0,0,0,0,0,0,0,0,0,0,0,1,0,0,0,0,0,Chemical variation in the leaf essential oil of <i>Melaleuca</i> <i>quinquenervia</i> (Cav.) S.T. Blake,Austrailia,0,0,sydney to selection flat,1,AU,1999,1999,0,0,1213.4,56,22.8,14.7,0,0,0,0,0,3717,0,13,1,0,412,0,183,2018
34,Melaleuca quinquenervia,4.7,0,1.7,0,6.7,53.4,0.2,0.3,0.1,0,0,0,0,0,0,0,0.6,0,0.3,0,0,0,0,0,0.1,0,0,0,0,0,0.2,0,0,0,0,0,0,0,0,0,0,0,0,0,0,0,0,0,0,0.1,0,0.6,0.3,0,0,0.2,0,0,0,0,0,0,0,0,0,11.9,0,0,0,0.5,0,0,0,0,0,0,0,0,0,0,0,0,0,0,0,0,0,0,0,0,0,0,0,0,0,0,0,0,0,0,0,0,0,0,0,0,0,0,0,0,0,0.1,0,0,0,13.4,0,0,0,0,0,0,0,0,0,0,0,0,0,0,0,0,0,0,0,0,0,0,0,0,0,0,0,0,0,0,0,0,0,0,0,0,0,0,0,0,0,0,0,0,0,0,0,0,0,0,0,0,0.4,0,0,0,0,0,0,0,0,0,0,0,0,0,0,0,0,0,0,0,0,0,0,0,0,0,0,0,0,0,0,0,0,0,0,0,0,0,0,0,0,0,0,0,0,0,0,0.1,0,0,0,0,0,0,0,0,0,0,0,0,0,0,0,0,0,0,0,0,0,0,0,0,0,0,0,0,0,0,0,0,0,0,0,0,0,0,0,0,0,0,0,0,0,0,0,0.2,0.3,0.2,1.3,0.1,0,0.9,0.1,0,0,0,0,0,0,0,0,0,0,0,0,0,0,0,0,0,0,0,0,0,0,0,0,0,0,0,0,0,0,0,0,0,0,0,0,0,0,0,0,0,0,0,0,0,0,0,0,0,0,0,0,0,0,0,0,0,0,0,0,0,0,0,0,0,0,0,0,0,0,0,0,0,0,0,0,0,0,0,0,0,0,0,0,0,0,0,0,0,0,0,0,0,0,0,0,0,0,0,0,0,0,0,0,0,0,0,0,1,0,0,0,0,0,Chemical variation in the leaf essential oil of <i>Melaleuca</i> <i>quinquenervia</i> (Cav.) S.T. Blake,Austrailia,0,0,East coast Austrialia,1,AU,1999,1999,0,0,0,0,0,0,0,0,0,0,0,0,0,9.4,0,0,412,0,183,2018
35,Melaleuca quinquenervia,6.93,0.06,1.2,0.04,3.63,38.4,0.01,2.48,1.31,0,0.01,0,0,0,0.02,0.86,1.02,0,0.07,0,0,0,0,0,0.01,0,0,0.14,0,0.01,0.4,0,0,0,0,0,0,0,0.01,0,0.01,0,0,0,0,0,0,0,0,0,0,0.44,0,0,0,0,0,0,0,0,0,0,0,0,0,7.2,0,0,0,2.2,0,0.29,0,0,0,0,0,0,0,0,0,0,0,0,0,0,0,0,0,0,0,0,0,0,0.01,0,0,0,0,0,0,0,0,0,0,0,0,0,0,0,0,0.38,0,0,0,16.54,0,0,0,0,0,0,0,0,0,0,0,0,0,0,0,0,0,0,0,0,0,0,0,0,0,0,0,0,0,0,0,0,0,0,0,0,0,0,0,0,0,0,0,0,0,0,0,0,0,0,0,0,4.57,0,0,0,0,0,0,0,0,0,0,0,0,0,0,0,0,0,0,0,0,0,0.27,0,0,0,0,0,0,0,0,0,0,0,0,0,0,0,0,0,0.01,0,0,0,0,0,0,0,0,0,0,0,0,0,0,0.11,0,0,0,0,0,0,0,0,0,0,0,0,0,0,0,0,0,0,0,0,0,0,0,0,0,0,0,0,0,0,0,0,0,0,0,0,0,0,0,0,0,0.04,0.05,0,0,0.6,0,0.23,0.99,0.07,0,0,0,0,0,0,0,0,0,0,0,0,0,0,0,0,0,0,0,0,0,0,0,0,0,0,0,0,0,0,0,0,0,0,0,0,0,0,0,0,0,0,0,0,0,0,0,0,0,0,0,0,0,0,0,0,0,0,0,0,0,0,0,0,0,0,0,0,0,0,0,0,0,0,0,0,0,0,0,0,0,0,0,0,0,0,0,0,0,0,0,0,0,0,0,0,0,0,0,0,0,0,0,0,0,1,0,0,0,0,0,Occurrence of various chemotypes in niaouli [<i>Melaleuca</i> <i>quinquenervia</i> (Cav.) S. T. Blake] essential oil from New Caledonia,New Caledonia,0,0,Variety of Locations in New Caledonia,1,NC,2003,2003,0,0,1071.5,76,26,20.3,42,0,5.48,3.07,0-1628,41,1,1.6,1,0,209,0,315,1903
36,Melaleuca quinquenervia,3.3929,0,1.7659,0,3.3074,26.7769,0,0.0204,0.1167,0,0,0,0.1188,0.1119,0.8714,3.1393,0.3482,0,1.3205,0,0,0,0,0,0.5154,0,0,0,0,0,0,0,0,0,0,0,0,0,0.4586,0,0.3241,0,0,0,0,0,0,0,0,0,0,0.7954,0,0,0,0.4085,0,0,0,0,0,0,0,0,0,8.2491,0,0,0,0.3337,0,0.0302,0,0,0,0,0,0,0,0,0,0,0,0,0,0,0,0,0,0,0,0,0,0,0,0,0,0,0,0,0,0,0,0,0,0,0,0,0,0,0,0,0,0,0,24.775,0,0,0,0,0,0,0,0,0,0,0,0,0,0,0,0,0,0,0,0,0,0,0,0,0,0,0,0,0,0,0,0,0,0,0,0,0,0,0,0,0,0,0,0,0,0,0,0,0,0,0,0,0,0,0.2773,0,0,0,0,0,0,0,0,0,0,0,0,0,0,0,0,0,0,0,0,0,0,0,0,0,0,0,0,0,0,0,0,0,0,0,0,0,0,0,0,0,0,0,0,0,0,0,0,0,0,0,0,0.5813,0,0,0,0,0,0,0,0,0,0,0,0,0,0,0,0,0,0,0,0,0,0,0,0,0,0,0,0,0,0,0,0,0,0,0,0,0,0,0,0,0,0,0.1435,0.456,0,0,0,0,0,0,0.7119,0,0,0,0,0,0,0,0,0,0,0,0,0,0,0,0,0,0,0,0,0,0,0,0,0,0,0,0,0,0,0,0,0,0,0,0,0,0,0,0,0,0,0,0,0,0,0,0,0,0,0,0,0,0,0,0,0,0,0,0,0,0,0,0,0,0,0,0,0,0,0,0,0,0,0,0,0,0,0,0,0,0,0,0,0,0,0,0,0,0,0,0,0,0,0,0,0,0,0,0,0,0,0,0,1,0,0,0,0,0,Chemotype variation of the weed Melaleuca quinquenervia inXuences the biomass and fecundity of the biological control agent Oxyops vitiosa,USA,1,1,"South Florida, Chemotype Viridiflorol",1,US,0,0,0,0,1572,73.2,29.1,21.1,286,961.88,6.05,6.5,< 5m,902,1,25,1,0,5329,0,2284,1912
37,Melaleuca quinquenervia,0.4647,0,0.0787,0,0.105,0.0713,0,0,0.0372,0,0,0,0.0242,0.0874,0.1043,0.024,0.0087,0,0.04,0,0,0,0,0,0.2428,0,0,0,0,0,0,0,0,0,0,0,0,0,0.0221,0,0.0286,0,0,0,0,0,0,0,0,0,0,0.0165,0,0,0,0.0325,0,0,0,0,0,0,60.3586,0,0,0,0,0,0,0.009,0,0,0,0,0,0,0,0,0,0,0,0,0,0,0,0,0,0,0,0,0,0,0,0,0,0,0,0,0,0,0,0,0,0,0,0,0,0,0,0,0,0,0,0,0,0.8034,0,0,0,0,0,0,0,0,0,0,0,0,0,0,0,0,0,0,0,0,0,0,0,0,0,0,0,0,0,0,0,0,0,0,0,0,0,0,0,0,0,0,0,0,0,0,0,0,0,0,0,0,0,0,0.0122,0,0,0,0,0,0,0,0,0,0,0,0,0,0,0,0,0,0,0,0,0,0,0,0,0,0,0,0,0,0,0,0,0,0,0,0,0,0,0,0,0,0,0,0,0,0,0,0,0,0,0,0,0.131,0,0,0,0,0,0,0,0,0,0,0,0,0,0,0,0,0,0,0,0,0,0,0,0,0,0,0,0,0,0,0,0,0,0,0,0,0,0,0,0,0,0,0.0422,0.0264,0,0,0,0,0,0,1.5562,0,0,0,0,0,0,0,0,0,0,0,0,0,0,0,0,0,0,0,0,0,0,0,0,0,0,0,0,0,0,0,0,0,0,0,0,0,0,0,0,0,0,0,0,0,0,0,0,0,0,0,0,0,0,0,0,0,0,0,0,0,0,0,0,0,0,0,0,0,0,0,0,0,0,0,0,0,0,0,0,0,0,0,0,0,0,0,0,0,0,0,0,0,0,0,0,0,0,0,0,0,0,0,0,1,0,0,0,0,0,Chemotype variation of the weed Melaleuca quinquenervia inXuences the biomass and fecundity of the biological control agent Oxyops vitiosa,USA,1,1,"South Florida, Chemotype E-nerolidol",1,0,0,0,0,0,0,0,0,0,0,0,0,0,0,0,0,0,0,0,0,0,0,0
38,Melaleuca quinquenervia,5.23,0.05,2.11,0,4.8,47.33,0.07,0.4,0.21,0,0.17,0,0.02,14.19,0.49,0.8,1.46,0,0,0,0,0,0,0,0.02,0,0.02,0.07,0,0,0,0,0,0,0,0,0,0,0.18,0,0.03,0,0,0,0,0.03,0,0,0,0,0,0.61,0,0,0,0.05,0,0,0.04,0,0,0,0,0,0,8.81,0,0,0,1.03,0,0.12,0,0,0,0,0,0,0,0,0,0,0,0,0.04,0,0,0,0,0,0.03,0.04,0,0,0,0,0,0,0,0,0,0,0,0,0,0,0,0,0,0,0,0.39,0.03,0.19,0.34,1.75,0,0,0,0,0,0,0,0,0,0,0,0,0,0,0.02,0,0,0,0,0,0,0,0,0,0,0.03,0,0,0,0,0,0,0,0,0,0,0,0,0,0,0,0,0,0,0,0,0,0,0.02,0,0,0,0.14,0,0,0,0,0,0,0,0,0,0,0,0,0,0,0,0,0,0,0,0,0,0,0,0,0,0,0,0.05,0,0,0.05,0,0,0,0,0,0,0,0,0,0,0,0,0,0,0,0,0,0,0,0,0,0,0,0,0.05,0,0,0,0,0,0,0,0,0,0,0,0,0,0,0,0,0,0.02,0,0,0,0,0,0,0,0.04,0,0,0,0,0,0,0.02,0,0,0,0,0,0,0,0,0,0.1,0,0,0,0,0,0,0,0.06,0.12,0.05,0.02,0.11,0.03,0.38,0.03,0.06,0.03,0,0,0,0,0,0,0,0,0,0,0,0,0,0,0,0,0,0,0,0,0,0,0,0,0,0,0,0,0,0,0,0,0,0,0,0,0,0,0,0,0,0,0,0,0,0,0,0,0,0,0,0,0,0,0,0,0,0,0,0,0,0,0,0,0,0,0,0,0,0,0,0,0,0,0,0,0,0,0,0,0,0,0,0,0,0,0,0,0,0,0,0,0,0,0,0,0,0,0,1,Interactive Use of Linear Retention Indices on Polar and Apolar Columns with an MS- Library for Reliable Characterization of Australia Tea Tree and Other Melaleuca sp. Oils,Austrailia,0,0,Hallam - Austrailian Botanical Products,0,AU,0,0,0,0,0,0,0,0,0,0,0,0,0,0,0,0,0,0,3438,0,3585,2018
39,Melaleuca quinquenervia,5.3,0,1.4,0,5.6,49.6,0.03,0.5,0,0,0,0,0,0.2,0,0.2,0.9,0,0.7,0,0,0,0,0,0.1,0,0,0,0,0,0,0,0,0,0,0,0,0,0,0,0,0,0,0,0,0,0,0,0,0,0,0.4,0,0,0,0.7,0,0,0,0,0,0,0.5,0,0,10.7,0,0,0,0.6,0,0,0,0,0,0,0,0,0,0,0,0,0,0,0.3,0,0,0,0,0,0,0,0,0,0,0,0,0,0,0,0,0,0,0,0,0,0,0,0,0,0,0,0,0,0,17.6,0,0,0,0,0,0,0,0,0,0,0,0,0,0,0,0,0,0,0,0,0,0,0,0,0,0,0,0,0,0,0,0,0,0,0,0,0,0,0,0,0,0,0,0,0,0,0,0,0,0,0,0,0,0,0,0,0,0,0,0,0,0,0,0,0,0,0,0,0,0,0,0,0,0,0,0,0,0,0,0,0,0,0.6,0,0,0,0,0,0,0,0,0,0,0,0,0,0,0,0,0,0,0,0,0,0,0,0,0,0,0,0,0,0,0,0,0,0,0,0,0,0,0,0,0,0,0,0,0,0,0,0,0,0,0,0,0,0,0,0,0,0,0,0,0,0,0,0,0,0,0,0,0,0,0,0,0,0.6,0,0,0,0,0,0,0,0,0,0,0,0,0,0,0,0,0,0,0,0,0,0,0,0,0,0,0,0,0,0,0,0,0,0,0,0,0,0,0,0,0,0,0,0,0,0,0,0,0,0,0,0,0,0,0,0,0,0,0,0,0,0,0,0,0,0,0,0,0,0,0,0,0,0,0,0,0,0,0,0,0,0,0,0,0,0,0,0,0,0,0,0,0,0,0,0,0,0,0,0,0,0,0,0,0,0,1,0,0,0,0,0,Interactive Use of Linear Retention Indices on Polar and Apolar Columns with an MS- Library for Reliable Characterization of Australia Tea Tree and Other Melaleuca sp. Oils,Austrailia,0,0,Hallam - Austrailian Botanical Products,0,AU,0,0,0,0,0,0,0,0,0,0,0,0,0,0,0,0,0,0,3438,0,3585,2018
40,Melaleuca quinquenervia,5.9,0,1.6,0,4.4,12.4,0,0.6,0,0,0,0,0,0.3,0,1,1.2,0,1.8,0,0,0,0,0,0.2,0,0,0,0,0,0,0,0,0,0,0,0,0,0,0,0,0,0,0,0,0,0,0,0,0,0,0.4,0,0,0,1.8,0,0,0,0,0,0,0.5,0,0,4.1,0,0,0,0.8,0,0,0,0,0,0,0,0,0,0,0,0,0,0,4.2,0,0,0,0,0,0,0,0,0,0,0,0,0,0,0,0,0,0,0,0,0,0,0,0,0,0,0,0,0,0,51.6,0,0,0,0,0,0,0,0,0,0,0,0,0,0,0,0,0,0,0,0,0,0,0,0,0,0,0,0,0,0,0,0,0,0,0,0,0,0,0,0,0,0,0,0,0,0,0,0,0,0,0,0,0,0,0,0,0,0,0,0,0,0,0,0,0,0,0,0,0,0,0,0,0,0,0,0,0,0,0,0,0,0,0.7,0,0,0,0,0,0,0,0,0,0,0,0,0,0,0,0,0,0,0,0,0,0,0,0,0,0,0,0,0,0,0,0,0,0,0,0,0,0,0,0,0,0,0,0,0,0,0,0,0,0,0,0,0,0,0,0,0,0,0,0,0,0,0,0,0,0,0,0,0,0,0,0,0,0.8,0,0,0,0,0,0,0,0,0,0,0,0,0,0,0,0,0,0,0,0,0,0,0,0,0,0,0,0,0,0,0,0,0,0,0,0,0,0,0,0,0,0,0,0,0,0,0,0,0,0,0,0,0,0,0,0,0,0,0,0,0,0,0,0,0,0,0,0,0,0,0,0,0,0,0,0,0,0,0,0,0,0,0,0,0,0,0,0,0,0,0,0,0,0,0,0,0,0,0,0,0,0,0,0,0,0,1,0,0,0,0,0,Chemotypes in Melaleuca quinquenervia (Cav.) S.T. Blake (Niaouli) from Benin Using Multivariate Statistical Analysis of Their Essential Oils,Benin,1,1,"Seme corss-road and Porto-Novo bridge, south Benin, chemotype viridiflorol",1,0,0,0,0,0,0,0,0,0,0,0,0,0,0,0,0,0,0,0,0,0,0,0
41,Melaleuca quinquenervia,10.92,0,2.84,0,8.12,55.38,0,1.06,0.68,0,0,0,0,0.24,0,1.37,0.71,0,0.29,0,0,0,0,0,0,0,0,0,0,0,0.19,0,0,0,0,0,0,0,0.23,0,0,0,0,0,0,0,0,0,0,0,0,0.89,0,0,0,0,0,0,0,0,0,0,2.62,0,0,6.35,0,0,0,1.71,0,0,0,0,0,0,0,0,0,0,0,0,0,0,0,0,0,0,0,0,0,0,0,0,0,0,0,0,0,0,0,0,0,0,0,0,0,0,0,0,0,0,0,0,0,5.57,0,0,0,0,0,0,0,0,0,0,0,0,0,0,0.06,0,0,0,0,0,0,0,0,0,0,0,0,0,0,0,0,0,0,0,0,0,0,0,0,0,0,0,0,0,0,0,0,0,0,0,0,0,0,0,0,0,0,0,0,0,0,0,0,0,0,0,0,0,0,0,0,0,0,0,0,0,0,0,0,0,0,0,0.73,0,0,0,0,0,0,0,0,0,0,0,0,0,0,0,0,0,0,0,0,0,0,0,0,0,0,0,0,0,0,0,0,0,0,0,0,0,0,0,0,0,0,0,0,0,0,0,0,0,0,0,0,0,0,0,0,0,0,0,0,0,0,0,0,0,0,0,0,0.04,0,0,0,0,0,0,0,0,0,0,0,0,0,0,0,0,0,0,0,0,0,0,0,0,0,0,0,0,0,0,0,0,0,0,0,0,0,0,0,0,0,0,0,0,0,0,0,0,0,0,0,0,0,0,0,0,0,0,0,0,0,0,0,0,0,0,0,0,0,0,0,0,0,0,0,0,0,0,0,0,0,0,0,0,0,0,0,0,0,0,0,0,0,0,0,0,0,0,0,0,0,0,0,0,0,0,0,0,0,0,0,1,0,0,0,0,0,Main Industrial Niaouli (<i>Melaleuca</i> <i>quinquenervia</i>) Oil Chemotype Productions from Madagascar,Madagascar,1,1,"Eastern Madagascar, Chemotype 1,8-cineole (Toamasina, Mananjary, Manakara, Farafangana, Vangaindrano,
 Moramanga, and Ambatondrazaka)",1,0,0,0,0,0,0,0,0,0,0,0,0,0,0,0,0,0,0,0,0,0,0,0
42,Melaleuca quinquenervia,4.53,0,2.49,0,3.43,15.02,0,1.34,1.56,0,0,0,0,3.01,0,3.54,2.56,0,0.58,0,0,0,0,0,0,0,0,0,0,0,1.16,0,0,0,0,0,0,0,0.73,0,0,0,0,0,0,0,0,0,0,0,0,1.15,0,0,0,0,0,0,0,0,0,0,9.44,0,0,8.55,0,0,0,3.3,0,0,0,0,0,0,0,0,0,0,0,0,0,0,0,0,0,0,0,0,0,0,0,0,0,0,0,0,0,0,0,0,0,0,0,0,0,0,0,0,0,0,0,0,0,33.99,0,0,0,0,0,0,0,0,0,0,0,0,0,0,0.82,0,0,0,0,0,0,0,0,0,0,0,0,0,0,0,0,0,0,0,0,0,0,0,0,0,0,0,0,0,0,0,0,0,0,0,0,0,0,0,0,0,0,0,0,0,0,0,0,0,0,0,0,0,0,0,0,0,0,0,0,0,0,0,0,0,0,0,1.86,0,0,0,0,0,0,0,0,0,0,0,0,0,0,0,0,0,0,0,0,0,0,0,0,0,0,0,0,0,0,0,0,0,0,0,0,0,0,0,0,0,0,0,0,0,0,0,0,0,0,0,0,0,0,0,0,0,0,0,0,0,0,0,0,0,0,0,0,0.91,0,0,0,0,0,0,0,0,0,0,0,0,0,0,0,0,0,0,0,0,0,0,0,0,0,0,0,0,0,0,0,0,0,0,0,0,0,0,0,0,0,0,0,0,0,0,0,0,0,0,0,0,0,0,0,0,0,0,0,0,0,0,0,0,0,0,0,0,0,0,0,0,0,0,0,0,0,0,0,0,0,0,0,0,0,0,0,0,0,0,0,0,0,0,0,0,0,0,0,0,0,0,0,0,0,0,0,0,0,0,0,1,0,0,0,0,0,Main Industrial Niaouli (<i>Melaleuca</i> <i>quinquenervia</i>) Oil Chemotype Productions from Madagascar,Madagascar,1,1,"Eastern Madagascar, Chemotype viridiflorol (Toamasina, Mananjary, Manakara, Farafangana, Vangaindrano,
 Moramanga, and Ambatondrazaka)",1,0,0,0,0,0,0,0,0,0,0,0,0,0,0,0,0,0,0,0,0,0,0,0
43,Melaleuca quinquenervia,2.68,0,0.68,0,2,5,0,0.15,0.1,0,0,0,0,0.58,0,2.41,0.48,0,0.5,0,0,0,0,0,0,0,0,0,0,0,0.59,0,0,0,0,0,0,0,0.35,0,0,0,0,0,0,0,0,0,0,0,0,0.13,0,0,0,0,0,0,0,0,0,0,79.55,0,0,1.12,0,0,0,0.32,0,0,0,0,0,0,0,0,0,0,0,0,0,0,0,0,0,0,0,0,0,0,0,0,0,0,0,0,0,0,0,0,0,0,0,0,0,0,0,0,0,0,0,0,0,2.51,0,0,0,0,0,0,0,0,0,0,0,0,0,0,0.18,0,0,0,0,0,0,0,0,0,0,0,0,0,0,0,0,0,0,0,0,0,0,0,0,0,0,0,0,0,0,0,0,0,0,0,0,0,0,0,0,0,0,0,0,0,0,0,0,0,0,0,0,0,0,0,0,0,0,0,0,0,0,0,0,0,0,0,0.26,0,0,0,0,0,0,0,0,0,0,0,0,0,0,0,0,0,0,0,0,0,0,0,0,0,0,0,0,0,0,0,0,0,0,0,0,0,0,0,0,0,0,0,0,0,0,0,0,0,0,0,0,0,0,0,0,0,0,0,0,0,0,0,0,0,0,0,0,0.34,0,0,0,0,0,0,0,0,0,0,0,0,0,0,0,0,0,0,0,0,0,0,0,0,0,0,0,0,0,0,0,0,0,0,0,0,0,0,0,0,0,0,0,0,0,0,0,0,0,0,0,0,0,0,0,0,0,0,0,0,0,0,0,0,0,0,0,0,0,0,0,0,0,0,0,0,0,0,0,0,0,0,0,0,0,0,0,0,0,0,0,0,0,0,0,0,0,0,0,0,0,0,0,0,0,0,0,0,0,0,0,1,0,0,0,0,0,Main Industrial Niaouli (<i>Melaleuca</i> <i>quinquenervia</i>) Oil Chemotype Productions from Madagascar,Madagascar,1,1,"Eastern Madagascar, Chemotype E-nerolidol (Toamasina, Mananjary, Manakara, Farafangana, Vangaindrano,
 Moramanga, and Ambatondrazaka)",1,0,0,0,0,0,0,0,0,0,0,0,0,0,0,0,0,0,0,0,0,0,0,0
44,Melaleuca quinquenervia,6.9,0,1.8,0,7.4,70.4,0.8,2.1,0.3,0,0,0,0,0.5,0.1,0,0.8,0,0,0,0,0,0,0,0,0,0,0,0,0,0,0,0,0,0,0,0,0,0,0,0,0,0,0,0,0,0,0,0,0,0,0.6,0,0,0.1,0,0,0,0,0,0,0,0,0,0,5.5,0,0,0,0.25,0,0,0,0,0,0,0,0,0,0,0,0,0,0,0,0,0,0,0,0,0,0,0,0,0,0,0,0,0,0,0,0,0,0,0,0,0,0,0,0,0,0,0,0,0,0,0,0,0,0,0,0,0,0,0,0,0,0,0,0,0,0,0,0,0,0,0,0,0,0,0,0,0,0,0,0,0,0,0,0,0,0,0,0,0,0,0,0,0,0,0,0,0,0,0,0,0,0,0,0,0,0,0,0,0,0,0,0,0,0,0,0,0,0,0,0,0,0,0,0,0,0,0,0,0,0,0,0,0,0,0,0,0,0,0,0,0,0,0,0,0,0,0,0,0,0,0,0,0,0,0,0,0,0,0,0,0,0,0,0,0,0,0,0,0,0,0,0,0,0,0,0,0,0,0,0,0,0,0,0,0,0,0,0,0,0,0,0,0,0,0,0,0,0,0,0,0,0,0,0,0,0,0,0,0,0,0,0,0,0,0,0,0,0,0,0.7,0.2,0,0,0,0,0,0,0,0,0,0,0,0,0,0,0,0,0,0,0,0,0,0,0,0,0,0,0,0,0,0,0,0,0,0,0,0,0,0,0,0,0,0,0,0,0,0,0,0,0,0,0,0,0,0,0,0,0,0,0,0,0,0,0,0,0,0,0,0,0,0,0,0,0,0,0,0,0,0,0,0,0,0,0,0,0,0,0,0,0,0,0,0,0,0,0,0,0,1,Niaouli oils from different sources: Analysis and influence on cutaneous permeation of estradiol in vitro,Madagascar,1,1,0,0,MG,0,0,0,0,0,0,0,0,0,0,0,0,0,0,0,0,0,0,4231,0,1976,1968
45,Melaleuca quinquenervia,5.6,0.1,1.9,0,3.5,48.3,0.2,0.9,0.2,0,0,0,0.1,0.6,0.4,1.3,0,0,0.7,0,0,0,0,0,0.2,0,0,0,0,0,0.2,0,0,0,0,0,0,0,0,0,0.3,0,0.1,0,0,0,0,0,0,0.1,0,0.6,0,0,0,0.1,0,0,0,0,0,0,9.1,0,0,13.3,0,0,0,0.9,0,0,0,0,0,0,0.2,0,0,0,0,0,0,0,0,0,0,0,0,0,0,0,0,0,0,0,0,0,0,0,0,0,0,0,0,0,0,0,0,0,0,0.3,0,0.5,0,5.3,0,0,0,0,0,0,0,0,0,0,0,0,0,0,0,0,0,0,0,0,0,0,0,0,0,0,0,0,0,0,0,0,1.8,0,0,0,0,0,0,0,0,0,0,0,0,0.1,0,0,0,0,0,0,0,0,0.2,0,0,0,0,0,0,0,0,0,0,0,0,0,0,0,0,0,0,0,0,0,0,0,0,0,0,0,0,0,0,0,0,0,0,0,0,0,0,0,0,0,0,0,0,0,0,0,0,0,0,0,0,0.2,0,0,0,0.1,0,0,0,0.1,0.1,0,0,0,0,0,0,0,0,0,0,0,0,0,0,0,0,0,0,0,0,0,0,0,0,0,0,0,0,0,0,0,0,0,0.1,0,0,0.1,0,0,0,0,0,0,0,0,0,0.1,0,0,0,0,0,0,0,0.1,0.1,0.1,0.4,0.1,0.1,0.1,0.2,0.1,0.1,0.1,0.2,0.1,0.1,0,0,0,0,0,0,0,0,0,0,0,0,0,0,0,0,0,0,0,0,0,0,0,0,0,0,0,0,0,0,0,0,0,0,0,0,0,0,0,0,0,0,0,0,0,0,0,0,0,0,0,0,0,0,0,0,0,0,0,0,0,0,0,0,0,0,0,0,0,0,0,0,0,0,0,0,0,0,1,0,0,0,0,0,Chemical Composition of Melaleuca quinquenervia (Cav.) S.T. Blake Leaf Oil from India,India,1,1,"Marakkanam area, Chennai",1,IN,May-99,1999,12.211509,79.929,1382.9,69,33.1,24.8,0,167.26,7.3,0.53,14,205,1,2,1,1,305,0,237,not_recorded
46,Psidium cattleianum,4.03,0,0,0,0.47,0,2.57,0,0.42,0,0,0,0.74,0,0,59.92,0,0,5.44,0,0,0,0,0,3.54,0,0,0,0,0,0,0,0,0,0,0,0,0,0.75,0,0,0,0,0,0,0,0,0,0,0,0,3.2,0,0,0,0,0,0,0,0,0,0,0,0,0,0,0,0,0,0,0,0,0,0,0,0,0,0,0,0,0,0,0,0,0,0,0,0,0,0,0,0,0,0,0,0,0,0,0,0,0,0,0,0,0,0,0,0,0,0,0,0,0,0,0,0,0,0,0,0,0,0,0,0,0,0,0,0,0,0,0,0,0,0,0,0,0,0,0,0,0,0,0,0,0,0,0,0,0,0,0,0,0,0,0,0,0,0,0,0,0,0,0,0,0,0,0,0,0,0,0,0,0,0,0,0,0,0,0,0,0,0,0,0,0,0,0,0,0,0,0,0,0,0,0,0,0,0,0,0,0,0,0,0,0,0,0,0,0,0,0,0,0,0,0,0,0,0,0,0,0,0,0,0,0,0,0,0,0,0,0,0,0,0,0,0,0,0,0,0,0,0,0,0,0,0,0,0,0,0,0,0,0,0,0,0,0,0,0,0,0,0,0,0,0,0,0,0,0,0,0,0,0,0,0,0,0,0,0,0,0,0,0,0,0,0,0,0,0,0,0,0,0,0,0,0,0,0,0,0,0,0,0,0,0,0,0,0,0,0,0,0,0,0,0,0,0,0,0,0,0,0,0,0,0,0,0,0,0,0,0,0,0,0,0,0,0,0,0,0,0,0,0,0,0,0,0,0,0,0,0,0,0,0,0,0,0,0,0,0,0,0,0,0,0,0,0,0,0,0,0,0,0,0,0,0,0,0,0,1,0,0,0,0,0,"Volatile Leaf Oils of American Myrtaceae. III. Psidium cattleianum Sabine, P. friedrichsthalianum (Berg) Niedenzu, P. guajava L., P. guineense Sw., and P. sartorianum (Berg) Niedenzu",USA,1,1,"Arizona State University Campus, state",0,US,1995,1995,33.4251554,-111.928492,204,36.6,30.3,17.4,8,15.51,7.54,0.7,331,3164,1,12,1,27,596,27,240,1909
47,Psidium cattleianum,0,0,0,0,0,0,0,0,0,0,0,0,0,3.2,0,2.5,0.2,0,2.8,0,0,0,0,0,0.3,0,0,0,0,0,0,0,0,0,0,0,1.5,0,0,0,0,0,0.2,0,0,0,1.8,0.1,0,0,0,0,0.4,0,0,0.7,0,1.3,0,0,0,0,0,0,0,0.2,0,0,0,0,0,0,4.1,0,0,0,0,0,0,0,0,0,0,0,0,0,0,0,0,0,0,0,0,0,0,0,0,0,0,0,0,0,0,0,0,0,0,0,0,0,0,0,0.3,0,0,0.8,0,0,0,0,0,0,0,0,0,0,0,0,0,0,0,0,0,0,0,0,0,0,0,0,0,0,0,0,0,0,0,0,0,0,0,0,0,0,0,0,0,0,0,0,0,0,0,0,0,0,0,0,0,0,0,0,0,0,0,0,0,0,0,0,0,0,0,0,0,0,0,0,0,0,0,0,0,0,0,0,0,0,0,0,0,0,1.3,0,0,0,0,0,0,0,0,0,0,0,0,0,0,0,0,0,0,0.2,0,0,0,0,0,0,0,0,0,0,0,0,0,0,0,0,0,0,0,0,0,0,0,0,0,0.2,0,0,0,0,0,0,0,0,0,0,0,0,0,0,0,0,0,0,0.2,0,0,0,0,0,0.2,0,0,0,0,0,0,0,0,0,0,0,0,0,0,0,0,0,0,0,0,0,0,0,0,0,0,0,0,2.6,4.6,0.3,0.3,3,1.4,0.3,0.4,1.5,2.6,0.3,2.7,0.6,0.4,4.1,6,2.3,0.7,7.8,3.5,1.4,0.2,1,0.2,5.7,2.1,0.1,0.1,1,0.2,0.3,0,0,0,0,0,0,0,0,0,0,0,0,0,0,0,0,0,0,0,0,0,0,0,0,0,0,0,0,0,0,0,0,0,0,0,0,0,0,0,0,0,0,0,0,0,0,0,0,0,0,1,0,0,Analysis of the Volatile Compounds of <i>Psidium</i> <i>cattleianum</i> Sabine Fruit,Reunion Island,1,1,Reunion Island,1,0,1998,1998,0,0,0,0,0,0,0,0,0,0,0,0,0,3.4,0,0,373,0,182,0
48,Psidium cattleianum,0,0,0,0,0,0,0,0,0,0,0,0,0,0,0,9.4,0.1,0,13.6,0,0,0,0,0,0.8,0,0,0,0,0,0,0,0,0,0,0,0,0,0.3,0,0,0,0.1,0,0,0,0,0,0,0,0,0,0,0,0,58.6,0,0,0,0,0,0,0.9,0,0,0.1,0,0,0,0,0,0,0,0,0,0,0,0.1,0,0,0,0,0,0,0,0,0,3.4,0,0,0,0,0,0,0,0,0,0,0,0,0,0,0,0,0,0,0,0,0,0,0,0,0,0,0,1.7,0,0,0,0,0,0,0,0,0,0,0,0,0,0,0,0,0,0,0,0,0,0,0,0,0,0,0,0,0,0,0,0,0,0,0,0,0,0,0,0,0,0,0,0,0,0,0,0,0,0,0,0,0,0,0,0,0,0,0,0,0,0,0,0,0,0,0,0,0,0,0,0,0,0,0,0,0,0,0,0,0,0,0,0,0,0,0,0,0,0,0,0,0,0,0,0,0,0,0,0,0,0,0,0,0,0,0,0,0,0,0,0,0,0,0,0,0,0,0,0,0,0,0,0,0,0,0,0,0,0,0,0,0,0,0,0,0,0,0,0,0,0,0,0,0,0,0,0,0,0,0,0,0,0,0,0,0,0,0,0,0,0,0,0,0,0,0,0,0,0,0,0,0,0,0,0,0,0,0,0,0,0,0,0,0,0,0,0,0,0,0,0,0,0,0,0,0,0,0,0,0,0,0,0,0,0,0,0,0,0,0,0,0,0,0,0,5.7,0.3,9.4,0.3,0,0,0,0,0,0,0,0,0,0,0,0,0,0,0,0,0,0,0,0,0,0,0,0,0,0,0,0,0,0,0,0,0,0,0,0,0,0,0,0,0,0,0,1,0,0,0,0,0,Leaf Oils of <i>Psidium</i> <i>parvifolium</i> Griseb. and <i>Psidium</i> <i>cattleianum</i> Sabine from Cuba,Cuba,1,1,"Pinar del Rio, West Cuba",0,CU,2004,2004,22.4165688,-83.689284,1557,80%,29.8,20.3,0,0,6.99,0,61,87,1,8.9,1,14,330,30,144,not_recorded
49,Psidium cattleianum,13.2,0,0.4,0,1.3,0,0,0,0,0,0,0,0,1.8,0,59,0,0,0,0,0,0,0,0,0,0,0,0,0,0,0,0,0,0,0,0,0,0,0,0,0,0,0,0,0,0,0,0,0,0,0,11.3,0,0,0,0,0,0,0,0,0,0,0,0,0,0.4,0,0,0,0,0,0,0,0,0,0,0,0,0,0,0,0,0,0,0,0,0,0,0,0,0,0,0,0,0,0,0,0,0,0,0,0,0,0,0,0,0,0,0,0,0,2.4,0,0,0,0,0,0,0,0,0,0,0,0,0,0,0,0,0,0,0,0,0,0,0,0,0,0,0,0,0,0,0,0,0,0,0,0,0,0,0,0,0,0,0,0,0,0,0,0,0,0,0,0,0,0,0,0,0,0,0,0,0,0,0,0,0,0,0,0,0,0,0,0,0,0,0,0,0,0,0,0,0,0,0,0,0,0,0,0,0,0,0,0,0,0,0,0,0,0,0,0,0,0,0,0,0,0,0,0,0,0,0,0,0,0,0,0,0,0,0,0,0,0,0,0,0,0,0,0,0,0,0,0,0,0,0,0,0,0,0,0,0,0,0,0,0,0,0,0,0,0,0,0,0,0,0,0,0,0,0,0,0,0,0,0,0,0,0,0,0,0,0,0,0,0,0,0,0,0,0,0,0,0,0,0,0,0,0,0,0,0,0,0,0,0,0,0,0,0,0,0,0,0,0,0,0,0,0,0,0,0,0,0,0,0,0,0,0,0,0,0,0,0,0,0,0.7,0,0,0,0,0,0,0,0,0,0,0,0,0,0,0,0,0,0,0,0,0,0,0,0,0,0,0,0,0,0,0,0,0,0,0,0,0,0,0,0,0,0,1,0,0,0,0,0,Essential Oils of Selected Hawaiian Plants and Associated Litters,Hawaii,1,1,"University of Hawaii main campus, Honolulu",0,US,2007,2007,21.296849,-157.817294,434,67.9,29.1,21.6,0,0,0,0,6,2,1,2.6,0,51,562,51,333,1909
50,Psidium cattleianum,0,0,0,0,2.9,16.4,3.4,0.2,0,0,0,0,0,0,0,10.2,0,0,0,0,0,0,0,0,3,0,4.7,0.2,0,0,0,0,0,0,0,0,0,0,3.2,0,0,0,0,0,0,0,0,0,0,0,0,5,0,0,1.3,0,0,0,0,0,0,0,0,0,0,0,0,0,0,0,0,25.2,0,0,0,0,0,0,0,0,0,0,0,0,0.6,0,0,0,0,0,0,0,0.2,0,0,0,0,0,0,0,0,0,0,0,0,0,0,0,0,0,0,0.2,0,0,0,0.8,0,0,0,0,0,0,0,0,0,0,0,0,0,0.1,0,0,0,0,0,0,0,0,0,0,0,0,0,0,0,0,0,0,0,0,0,0,0,0,0,0,0,0,0,0,0,0,0,0,0.6,0,0,0,0,0,0.4,0,0,0,0,0,0,0,0,0,0,0,0,0,0,0,0,0,0,0,0.1,0,0,0,0,0,8,0,0,0,0,0,0,0,0,0,0,0,0,0,0,0,0,0,0.2,0,0,0,0,0,0,0,0,0,3.3,0,0,0,0,0,0,0,0,0,0,0,0,0,0,0,0,0,0,0,0,0,0,0,0,0,0,0,0,0,0,0,0,0,0,0,0,0,0,0,0,0,0,4.6,0,0.4,0,0,0.1,0,0,0,0,0,0,0,0,0,0.1,0,0,0,0,0,0,0,0,0,0,0,0,0,0,0,0,0,0,0,0,0,0,0,0,0,0,0,0,0,0,0,0,0,0,0,0,0,0,0,0,0,0,0,0,0,0,0,0,0,0,0,0,0,0.6,0.9,0,0,0,0,0,0,0,0,0,0,0,0,0,0,0,0,0,0,0,0,0,0,0,0,0,0,0,0,0,0,0,0,0,0,0,0,0,0,0,0,0,1,0,0,0,0,0,Volatile Oil of <i>Psidium</i> <i>cattleianum</i> Sabine from the Brazilian Atlantic Forest,Brazil,0,0,Atlantic Forest Coastal Dunes (restinga),1,BR,Dec-06,2006,0,0,1069.4,79.1,27.3,21,0,1.3705,4.43,0,0-8,172,0,4,1,0,667,0,275,1992
51,Psidium cattleianum,3.2,0.1,0.1,0,0.5,0,1.3,0.2,0.8,0,0,0,1.6,0.9,0.2,31.6,0.1,0,4.5,0,0,0,0,0,4.4,0,0.4,0.1,0,0,0,0,0,0,0,0,0,0,3.8,0,2.9,0,0,0,0,0,0,0,0,0,0,3.8,0,0,0,2.4,0,0,0,0,0,0,0.7,0,0,0.3,0,0,0,0.3,0,0,0,0,0,0,0,0,0,0,0,0,0,0.1,0,0,0,0.5,0,0,0,0,0,0,0.2,0,0,0,0,0,0,0,0,0,0,0,0,0,0,0,0,0.1,0,0,0,1.4,0,0,0,0,0,0,0,0,0,0,0,0,0,0,1.1,0,0,0,0,0,0,0,0,0,0,0,0,0,0,0,0,0,0,0,0,0,0,0,0,0,0,0,0,0,0,0,0,0,0,0,0,0,0,0,1.2,0,0,0,0,0,0,0,0,0,0,0,0,0,0,0,0,0,0,0,0,0,0,0,0,0,0,0,0,0,0,0,0,0,0,0,0,0,0,0,0,0,0,0,0,0,0,0,0,0,0,0,0,1.7,0,0,0,0,0,0,0,0,0,0,0,0,0,0,0,0,0,0,0,0,0,0,0,0,0,0,0,0,0,0,0,0,0,0,0,0,0,0,0,0,0,0,0,0,0,0,0,0,0.1,0,0,0,0,0,0,0,0,0,0,0,0,0,0,0,0,0,0,0,0,0,0,0,0,0,0,0,0,0,0,0,0,0,0,0,0,0,0,0,0,0,0,0,0,0,0,0,0,0,0,0,0,0,0,0.7,0,0,0,0,0,0.1,0,0.5,0,0,1.2,0.1,1.1,0.4,0,0,0,0,0,0,0,0,0,0,0,0,0,0,0,0,0,0,0,0,0,0,0,0,0,0,0,0,0,0,0,0,0,0,0,0,0,1,0,0,0,0,0,Aromatic Plants of French Polynesia. V. Chemical Composition of Essential Oils of Leaves of Psidium guajava L. and Psidium cattleianum Sabine,French Polynesia,1,1,"Haapiti, Moorea Island",1,PF,Jun-07,2007,-17.5616178,-149.87176,1687.7,77.4,30.2,23.1,0,0,7.56,0,30,0,1,0,0,2,217,190,259,1982
52,Psidium cattleianum,0,0,0,0,0,0,0,0,0,0,0,0,0,0,0,59.62,0,0,18.16,0,0,0,0,0,6.42,0,0,0,0,0,0,0,0,0,0,0,0,0,0,0,0,0,0,0,0,0,0,0,0,0,0,0,0,0,0,4.63,0,0,0,0,0,0,0,0,0,0,0,0,0,0,0,0,0,0,0,0,0,0,0,0,0,0,0,0,0,0,0,0,0,0,0,0,0,0,0,0,0,0,0,0,0,0,0,0,0,0,0,0,0,0,0,0,0,0,0,2.01,0,0,0,0,0,0,0,0,0,0,0,0,0,0,0,0,0,0,0,0,0,0,0,0,0,0,0,0,0,0,0,0,0,0,0,0,0,0,0,0,0,0,0,0,0,0,0,0,0,0,0,0,0,0,0,0,0,0,0,0,0,0,0,0,0,0,0,0,0,0,0,0,0,0,0,0,0,0,0,0,0,0,0,0,0,0,0,0,0,0,0,0,0,0,0,0,0,0,0,0,0,0,0,0,0,0,0,0,0,0,0,0,0,0,0,0,0,0,0,0,0,0,0,0,0,0,0,0,0,0,0,0,0,0,0,0,0,0,0,0,0,0,0,0,0,0,0,0,0,0,0,0,0,0,0,0,0,0,0,0,0,0,0,0,0,0,0,0,0,0,0,0,0,0,0,0,0,0,0,0,0,0,0,0,0,0,0,0,0,0,0,0,0,0,0,0,0,0,0,0,0,0,0,0,0,0,0,0,0,0,0,0,1.71,0,0,0,0,0,0,0,0,0,0,0,0,0,0.96,0,0,0,0,0,0,0,0,0,0,0,0,0,0,0,0,0,0,0,0,0,0,0,0,0,0,0,0,0,0,0,0,0,0,0,0,1,0,0,0,0,0,Essential oil of Psidium cattleianum leaves: Antioxidant and antifungal activity,Brazil,0,0,"research orchard of Embrapa Clima Temperado, Pelotas, RS",0,BR,February/March 2012,2012,-31.68014,-52.439078,1402.7,81.5,23,14.1,19,NAA,5.45,3.48,7,729,0,8.4,1,3,659,0,389,1992
53,Ageratum conyzoides,0.1,0.1,0.1,0,0,0,0,0,0.1,0,0.1,0,0.6,0.1,0,24.6,0,0,12.2,0,0,0,0,0,1.8,0,0,0,0,0,0,0,0,0,0,0,0,0.5,0.5,0,0.8,0,0,0.2,0,0.4,0,0,0,0,0,0,0,0,0.1,0,0,0,0,0.6,0,0,0.9,0,0,0,0,0,0,0,0,0,0,0,0,0,0.3,0,0,0,3,0,4.9,0,0.9,0,0,0,0,0,0,0,0,0,0,0,0,0,0,0,0,0,0,0,0,0,0,0,0,0,1.4,0,0,0,0,0,0,0,0,0,0,0.1,0,0,0,0,0,0,0,0,0,0,0,0,0,0,0,0.3,0,0,0,0,0,0,0,0,0,0,0,0,0,0,0,0,0,0,0,0,0.2,0,0,0,0,0,0,0,0,0,0,0,0,0,0,0,0,0,0,0,0,0,0,0,0,0,0,0,0,0,0,0,0.7,0,0,0,0,0,0,0,0,0,0,0,0,0,0,0,0,0,0,0,0,0,0,0,0,0,0,0,0,0,0,0,0,0.5,0,0,0,0,0,0,0,0,0,0,0,0,0,0,0,0,0,0,0,0,0,0,0,0,0,0,0,0,0,0,0,0,0,0,0,0,0,0,0,0,0,0,0,0.6,0,0,0,0,0,0,0,0,0,0,0,0,0,0,0,0,0,0,0,0,0,0,0,0,0,0,0,0,0,0,0,0,0,0,0,0,0,0,0,0,0,0,0,0,0,0,0,0,0,0,0,0,0,0,0,0,0,0,0,0,0,0,0,0,0,0,0,0,0,0,0,0,0,0,0,0.4,0.2,34.4,0.3,0.8,2.7,0.3,0,0,0,0,0,0,0,0,0,0,0,0,0,0,0,0,0,0,0,0,0,0,0,0,0,0,0,0,0,0,1,0,0,0,0,Essential Oil Composition and Antimicrobial Activity of Ageratum conyzoides from S. Tome and Principe,Sao Tome and Principe,1,0,Rio Ave,0,ST,1997,1997,0.2672817,6.500667,884,82,28.9,21.8,0,0,0,0,137,0,0,0.31,1,3,3,47,69,1980
54,Ageratum conyzoides,0.16,0.62,0.15,0,0.1,0,0,0.11,0.08,0,0,0.6,0.6,2.33,0,0.35,0.82,0,0,0,0.1,0,0,0,0.66,0,0,0.07,0,0,0,0,6.2,0.18,0,0,0,0,0.15,0,0,0.1,0,0,0,1.28,0,0,0,0,0,0.02,0,0,0.05,0,0,0,0,0,0,0,0.14,0,0,0,0,0,0,0,0,0,0,0,0,0,0,0,0,0,1.33,0,1.93,0,0,0,0,0,0,0,0,0,0,0,0,0,0,0,0,0,0,0,0,0,0,0,0,0,0,0,0,0.06,0,0,0,0,0,0,0,0,0,0,0,0,0,0,0,0,0,0,0,0,0,0,0,0,0,0,0,0,0,0,0,0,0,0,0,0,0,0,0,0,0,0,0,0,0,0,0.25,0,0,0,0,0,0,0,0,0,0,0,0,0,0,0,0,0,0,0,0,0,0,0,0,0,0,0.11,0,0,0,0,0,0,0,0,0,0,0,0,0,0,0,0,0,0,0,0,0,0,0,0,0,0,0,0,0,0,0,0,0,0,0,0,0,0,0,0,0,0,0,0,0,0,0,0,0,0,0,0,0,0,0,0,0,0,0,0,0,0,0,0,0,0,0,0,0,0,0,0,0,0,0,0,0,0,0,0,0,0.35,0,0,0,0,0,0,0,0,0,0,0,0,0,0,0,0,0,0,0,0,0,0,0,0,0,0,0,0,0,0,0,0,0,0,0,0,0,0,0,0,0,0,0,0,0,0,0,0,0,0,0,0,0,0,0,0,0,0,0,0,0,0,0,0,0,0,0,0,0,0,0,0,0,0,0,0,0,63.08,0.46,5.04,0.72,0,0,0.12,0.2,0.37,0.67,0.71,0,0,0,0,0,0,0,0,0,0,0,0,0,0,0,0,0,0,0,0,0,0,0,1,0,0,0,0,0,Chromenes in Ageratum conyzoides L.,Nigeria,1,1,Badgagry Lagos,0,NG,2002,2002,6.4319022,2.885649,104.3,83,30.8,22.8,0,354.5,0,0,41,28,1,16,1,0,174,2,165,1960
55,Ageratum conyzoides,0.22,0.56,0,0,0,0,0,0,0.29,0,0.9,0,0.78,0,0,24.03,0,0,2.36,0,0,0,0,0,0,4.84,0.39,0,4.84,0,0,0,0,0,0,0,0,0,0,0,2.32,0,0,0,2.65,2.32,0,0,0,0,0,0,0,0,0,0,0,0,0,5.42,0,0,0,0,0,0,0.18,0,0,0,0,0,0,0,0,0,0,2.65,0,0,0,0,0,0,0.12,0,0,0,0.33,0,0,0,0,0,0,0,0,0,0,0,0,0,0,0,0,0,0,0,0,0,0,0,0.13,0,0,0,0,0,0,0,0,0,0,0,0,0,0,0,0,0,0,0,0,0,0,0,0,0,0,0,0,0,0,0,0.45,0,0,0,0,0,0,0,0,0.11,0,0,0,0,0.95,0,0,0,0,0,0,0,0,0,0,0,0,0,0,0,0,0,0,0,0,0,0,0,0,0,0,0,0,0,0,0,0,0,0,0,0,0,0,0,0,0,0,0,0,0,0,0,0,0,0,0,0,0,0,0,0,0,0,0.29,0,0,0,0,0,0,0,0,0,0,0,0,0,0,0,0,0,0,2.65,0,0,0,0,0,0,0,0,0,0,0,0,0,0.12,0,0,0,0,0,0,0,0,0,0,0,0,0,0,0,0,0,0,0,0,0,0,0,0,0,0,0,0,0,0,0,0,0,0,0,0,0,0,0,0,0,0,0,0,0,0,0,0,0,0,0,0,0,0,0,0,0,0,0,0,5.18,0,0,0,0,0,0,0,0,0,0,0,0,0,0,0,0,0,0,0,0,0,0,0,0,0,0,0,0,0,0,0,0,0.18,14.76,0,25.89,1.3,0,0,0,0,0,0,0,0.18,0.12,0.36,0.31,0.78,0.25,0.13,0.2,0.58,0,0,0,0,0,0,0,0,0,0,0,0,0,0,0,1,0,0,0,0,Chemical composition of the essential oils of Ageratum conyzoides L. occurring in South China,China,1,1,"Ecological Experimental Station of SouthChina Agricultural University, Guangzhou, South China",0,0,0,0,0,0,0,0,0,0,0,0,0,0,0,0,0,0,0,0,0,0,0,0
57,Ageratum conyzoides,2.71,0.41,0.18,0.16,0.2,0,0.03,0.11,0.01,0,0,0.03,0.05,0,0,7.04,0,0.06,0.22,0,0,0,0,0,0.04,0,0.01,0,0,0,0,0,0.04,0,0,0.52,0.02,0.06,0.3,0,0,0.67,0,0,0,0.77,0,0,0,0,0,0.07,0,0,0.02,0,0,0.01,0,0.01,0,0,0.29,0,0,0.02,0.09,0,0,0,0,0,0.02,0,0,0,0.09,0,0,0,0.32,0,0.68,0,0.07,0,0,0,0,0,0,0,0,0,0,0,0,0,0,0,0,0,0,0,0,0,0,0,0,0,0,0,0,0,0,0,0,0,0,0,0,0,0,0,0.02,0,0,0,0,0,0,0,0,0,0,0,0,0,0,0,0,0,0,0,0,0,0,0,0,0,0,0,0,0,0,0,0,0,0.28,0,0,0,0,0,0,0,0,0,0,0,0,0,0,0,0,0,0,0,0,0,0,0,0,0,0,0,0,0,0,0,0,0,0,0,0,0,0,0,0,0,0,0,0,0,0,0,0,0,0,0,0,0,0,0,0.03,0.01,0,0,0,0,0,0,0,0,0,0,0.01,0,0,0,0,0,0,0,0,0,0,0,0,0,0,0,0,0,0,0,0,0,0,0,0,0,0,0,0,0,0,0,0,0,0,0,0,0,0,0,0,0,0,0,0,0,0,0,0,0,0,0,0,0,0,0,0,0,0,0,0,0,0,0,0,0.15,0,0,0,0,0,0,0,0,0,0,0,0,0,0,0,0,0,0,0,0,0,0,0,0,0,0,0,0,0,0,0,0,0,0,0,0,0,0,0,0,0,0,0,0,0,0,0,0,0,0,0,0,0.19,80.29,0,0,0,0,0,0,0,0,0,0,0,0,0,0,0,0,0,0,0,0.01,0.05,0.01,0.03,0.01,0,0,0,0,0,0,0,0,0,0,0,0,0,1,0,The Essential Oil of Ageratum conyzoides L. from Ghana,Ghana,1,0,Campus of University of Science & Technology in Jumasi,0,GH,Decemeber 1991,1991,6.6672928,-1.614629,1402.4,83.2,30.7,21.5,17,155,6.16,1.59,250,944,1,17,1,2,111,1,206,1954
58,Ageratum conyzoides,0,0,0,0,0,0,0,0,0,0,0,0,0.1,0,0,20.5,0,0,0.1,0,0,0,0,0,3.2,0,0,0,0,0,0,0,0,0.8,0.3,0,0,0,1.5,0,0.7,0,0,0,0,2.2,0,0,0,0,0,0,0,0,0,0,0,0,0,5.1,0,0,0,0,0,0,0,0,0,0,0,0,0,0,0,0,0,0,0,0,6.4,0,0,0,0,0,0,0,0,0,0,0,0,0,0,0,0,0,0,0,0,0,0,0,0,0,0,0,0,0,0,0,0,0,1.9,0,0,0,0,0,0,0,0,0,0,0,0,0,0,0,0,0,0,0,0,0,0,0,0,0,0,0,0,0,0,0,0,0,0,0,0,0,0,0,0,0,0,0,0,0,0,0,0,0,0,0,0,0,0,0.2,0,0,0,0,0,0,0,0,0,0,0,0,0,0,0,0,0,0,0,0,0,0,0,0,0,0,0,0,0,0,0,0,0,0,0,0,0,0,0,0,0,0,0,0,0,0,0,0,0,0,0,0,0,0,0,0,0,0,0,0,0,0,0,0,0,0,0,0,0,0,0,0,0,0,0,0,0,0,0,0,0,0,0,0,0,0,0,0,0,0,0,0,0,0,0,0,0,0,0,0,0,0,0,0,0,0,0,0,0,0,0,0,0,0,0,0,0,0,0,0,0,0,0,0,0,0,0,0,0,0,0,0,0,0,0,0,0,0,0,0,0,0,0,0,0,0,0,0,0,0,0,0,0,0,0,0,0,0,0,0,0,0,0,0,0,0,0,0,0,0,0,0,0,0,0,38.3,0,15.5,0,0,0,0,0,0,0,0,0,0,0,0,0,0,0,0,0,0,0,0,0,0,0.6,0,0,0,0,0,0,0,0,0,0,1,0,0,0,Essential Oil of Fijian Ageratum conyzoides L.,Fiji,1,0,Suva,0,FJ,1986,1986,-18.1271599,178.443474,3023,80,28.9,22.4,19,12.9,5.6,0,43,32,1,1.1,1,42,63,144,405,2011
59,Ageratum conyzoides,0,0,0,0,0,0,0,0,0,0,0.4,0,0,0,0,18.7,0,0,0,0,0,0,0,0,2.9,0,0,0,0,0,0,0,0,0.9,0.4,0,0,0,1,0,0.6,0.1,0,0,0,2.5,0,0,0,0,0,0,0,0,0,0,0,0,0,4,0,0,0,0,0,0,0,0,0,0,0,0,0,0,0,0,0,0,0,0,6.5,0,0,0,0,0,0,0,0,0,0,0,0,0,0,0,0,0,0,0,0,0,0,0,0,0,0,0,0,0,0,0,0,0,2,0,0,0,0,0,0,0,0,0,0,0,0,0,0,0,0,0,0,0,0,0,0,0,0,0,0,0,0,0,0,0,0,0,0,0,0,0,0,0,0,0,0,0,0,0,0,0,0,0,0,0,0,0,0,0.4,0,0,0,0,0,0,0,0,0,0,0,0,0,0,0,0,0,0,0,0,0,0,0,0,0,0,0,0,0,0,0,0,0,0,0,0,0,0,0,0,0,0,0,0,0,0,0,0,0,0,0,0,0,0,0,0,0,0,0,0,0,0,0,0,0,0,0,0,0,0,0,0,0,0,0,0,0,0,0,0,0,0,0,0,0,0,0,0,0,0,0,0,0,0,0,0,0,0,0,0,0,0,0,0,0,0,0,0,0,0,0,0,0,0,0,0,0,0,0,0,0,0,0,0,0,0,0,0,0,0,0,0,0,0,0,0,0,0,0,0,0,0,0,0,0,0,0,0,0,0,0,0,0,0,0,0,0,0,0,0,0,0,0,0,0,0,0,0,0,0,0,0,0,0,0,53.8,0,0.4,0,0,0,0,0,0,0,0,0,0,0,0,0,0,0,0,0,0,0,0,0,0,0.5,0,0,0,0,0,0,0,0,0,0,1,0,0,0,Essential Oil of Fijian Ageratum conyzoides L.,Fiji,1,0,Nadi,0,FJ,1986,1986,-18.1271599,178.413474,1826,78,30.2,20.8,19,12.9,5.6,0,13,32,1,4.5,1,42,63,150,405,2011
60,Ageratum conyzoides,0,0,0,0,0,0,0,0,0,0,0,0,0,0,0,22.2,0,0,0.2,0,0,0,0,0,2.3,0,0,0,0,0,0,0,0,0.8,0.4,0,0,0,1.3,0,0.7,0.3,0,0,0,2,0,0,0,0,0,0,0,0,0,0,0,0,0,8.7,0,0,0,0,0,0,0,0,0,0,0,0,0,0,0,0,0,0,0,0,4.6,0,0,0,0,0,0,0,0,0,0,0,0,0,0,0,0,0,0,0,0,0,0,0,0,0,0,0,0,0,0,0,0,0,1.2,0,0,0,0,0,0,0,0,0,0,0,0,0,0,0,0,0,0,0,0,0,0,0,0,0,0,0,0,0,0,0,0,0,0,0,0,0,0,0,0,0,0,0,0,0,0,0,0,0,0,0,0,0,0,0.3,0,0,0,0,0,0,0,0,0,0,0,0,0,0,0,0,0,0,0,0,0,0,0,0,0,0,0,0,0,0,0,0,0,0,0,0,0,0,0,0,0,0,0,0,0,0,0,0,0,0,0,0,0,0,0,0,0,0,0,0,0,0,0,0,0,0,0,0,0,0,0,0,0,0,0,0,0,0,0,0,0,0,0,0,0,0,0,0,0,0,0,0,0,0,0,0,0,0,0,0,0,0,0,0,0,0,0,0,0,0,0,0,0,0,0,0,0,0,0,0,0,0,0,0,0,0,0,0,0,0,0,0,0,0,0,0,0,0,0,0,0,0,0,0,0,0,0,0,0,0,0,0,0,0,0,0,0,0,0,0,0,0,0,0,0,0,0,0,0,0,0,0,0,0,0,16.5,0,35.2,0,0,0,0,0,0,0,0,0,0,0,0,0,0,0,0,0,0,0,0,0,0,0.5,0,0,0,0,0,0,0,0,0,0,0,0,1,0,Essential Oil of Fijian Ageratum conyzoides L.,Fiji,1,0,Suva,0,FJ,1986,1986,-18.1271599,178.443474,3023,80,28.9,22.4,19,12.9,5.6,0,43,32,1,1.1,1,42,63,144,405,2011
61,Ageratum conyzoides,0,0,0,0,0,0,0,0,0,0,0.6,0,0,0,0,17.9,0,0,0,0,0,0,0,0,1.6,0,0,0,0,0,0,0,0,0.3,0.3,0,0,0,0.4,0,0.4,0.2,0,0,0,1.3,0,0,0,0,0,0,0,0,0,0,0,0,0,4.5,0,0,0,0,0,0,0,0,0,0,0,0,0,0,0,0,0,0,0,0,3.2,0,0,0,0,0,0,0,0,0,0,0,0,0,0,0,0,0,0,0,0,0,0,0,0,0,0,0,0,0,0,0,0,0,1.3,0,0,0,0,0,0,0,0,0,0,0,0,0,0,0,0,0,0,0,0,0,0,0,0,0,0,0,0,0,0,0,0,0,0,0,0,0,0,0,0,0,0,0,0,0,0,0,0,0,0,0,0,0,0,0.4,0,0,0,0,0,0,0,0,0,0,0,0,0,0,0,0,0,0,0,0,0,0,0,0,0,0,0,0,0,0,0,0,0,0,0,0,0,0,0,0,0,0,0,0,0,0,0,0,0,0,0,0,0,0,0,0,0,0,0,0,0,0,0,0,0,0,0,0,0,0,0,0,0,0,0,0,0,0,0,0,0,0,0,0,0,0,0,0,0,0,0,0,0,0,0,0,0,0,0,0,0,0,0,0,0,0,0,0,0,0,0,0,0,0,0,0,0,0,0,0,0,0,0,0,0,0,0,0,0,0,0,0,0,0,0,0,0,0,0,0,0,0,0,0,0,0,0,0,0,0,0,0,0,0,0,0,0,0,0,0,0,0,0,0,0,0,0,0,0,0,0,0,0,0,0,60.5,0,0.1,0,0,0,0,0,0,0,0,0,0,0,0,0,0,0,0,0,0,0,0,0,0,0.4,0,0,0,0,0,0,0,0,0,0,0,0,1,0,Essential Oil of Fijian Ageratum conyzoides L.,Fiji,1,0,Nadi,0,FJ,1986,1986,-18.1271599,178.413474,1826,78,30.2,20.8,19,12.9,5.6,0,13,32,1,4.5,1,42,63,150,405,2011
62,Ageratum conyzoides,0,0,0,0,0,0,0,0,0,0,0,0,0,0,0,21.9,0,0,0.9,0,0,0,0,0,2.4,0,0,0,0,0,0,0,0,0.4,0.4,0,0,0,0.4,0,0.2,0.2,0,0,0,0.7,0,0,0,0,0,0,0,0,0,0,0,0,0,5,0,0,0,0,0,0,0,0,0,0,0,0,0,0,0,0,0,0,0,0,5.3,0,0,0,0,0,0,0,0,0,0,0,0,0,0,0,0,0,0,0,0,0,0,0,0,0,0,0,0,0,0,0,0,0,0.7,0,0,0,0,0,0,0,0,0,0,0,0,0,0,0,0,0,0,0,0,0,0,0,0,0,0,0,0,0,0,0,0,0,0,0,0,0,0,0,0,0,0,0,0,0,0,0,0,0,0,0,0,0,0,0.4,0,0,0,0,0,0,0,0,0,0,0,0,0,0,0,0,0,0,0,0,0,0,0,0,0,0,0,0,0,0,0,0,0,0,0,0,0,0,0,0,0,0,0,0,0,0,0,0,0,0,0,0,0,0,0,0,0,0,0,0,0,0,0,0,0,0,0,0,0,0,0,0,0,0,0,0,0,0,0,0,0,0,0,0,0,0,0,0,0,0,0,0,0,0,0,0,0,0,0,0,0,0,0,0,0,0,0,0,0,0,0,0,0,0,0,0,0,0,0,0,0,0,0,0,0,0,0,0,0,0,0,0,0,0,0,0,0,0,0,0,0,0,0,0,0,0,0,0,0,0,0,0,0,0,0,0,0,0,0,0,0,0,0,0,0,0,0,0,0,0,0,0,0,0,0,37.5,0,21.3,0,0,0,0,0,0,0,0,0,0,0,0,0,0,0,0,0,0,0,0,0,0,0.4,0,0,0,0,0,0,0,0,1,0,0,0,0,0,Essential Oil of Fijian Ageratum conyzoides L.,Fiji,1,0,Suva,0,FJ,1986,1986,-18.1271599,178.443474,3023,80,28.9,22.4,19,12.9,5.6,0,43,32,1,1.1,1,42,63,144,405,2011
63,Ageratum conyzoides,0,0,0,0,0,0,0,0,0,0,0,0,0,0,0,16,0,0,0,0,0,0,0,0,1.7,0,0,0,0,0,0,0,0,0.6,0.3,0,0,0,0.7,0,0.5,0.6,0,0,0,1.1,0,0,0,0,0,0,0,0,0,0,0,0,0,6.4,0,0,0,0,0,0,0,0,0,0,0,0,0,0,0,0,0,0,0,0,3.4,0,0,0,0,0,0,0,0,0,0,0,0,0,0,0,0,0,0,0,0,0,0,0,0,0,0,0,0,0,0,0,0,0,1.8,0,0,0,0,0,0,0,0,0,0,0,0,0,0,0,0,0,0,0,0,0,0,0,0,0,0,0,0,0,0,0,0,0,0,0,0,0,0,0,0,0,0,0,0,0,0,0,0,0,0,0,0,0,0,0.3,0,0,0,0,0,0,0,0,0,0,0,0,0,0,0,0,0,0,0,0,0,0,0,0,0,0,0,0,0,0,0,0,0,0,0,0,0,0,0,0,0,0,0,0,0,0,0,0,0,0,0,0,0,0,0,0,0,0,0,0,0,0,0,0,0,0,0,0,0,0,0,0,0,0,0,0,0,0,0,0,0,0,0,0,0,0,0,0,0,0,0,0,0,0,0,0,0,0,0,0,0,0,0,0,0,0,0,0,0,0,0,0,0,0,0,0,0,0,0,0,0,0,0,0,0,0,0,0,0,0,0,0,0,0,0,0,0,0,0,0,0,0,0,0,0,0,0,0,0,0,0,0,0,0,0,0,0,0,0,0,0,0,0,0,0,0,0,0,0,0,0,0,0,0,0,59.3,0,0.3,0,0,0,0,0,0,0,0,0,0,0,0,0,0,0,0,0,0,0,0,0,0,0.8,0,0,0,0,0,0,0,0,1,0,0,0,0,0,Essential Oil of Fijian Ageratum conyzoides L.,Fiji,1,0,Nadi,0,FJ,1986,1986,-18.1271599,178.413474,1826,78,30.2,20.8,19,12.9,5.6,0,13,32,1,4.5,1,42,63,150,405,2011
64,Ageratum conyzoides,0.05,0.05,0.05,0,0.05,0,0,0,0,0,0.05,0,0.1,0,0,14.3,0,1.1,0,0,0,0,0,0,0,0,0.1,0.8,0,0,0,0,0,0,0,0,0,0,0.3,0,2.3,0,0,0,0,0,0,0,0,0,0,0,0,0,0.05,0,0,0,0,0,0,0,0,0,0,0,0,0,0,0.1,0,0,0,0,0,0,0,0,0,0,0.05,0,0,0,0,0,0,0,0,0,0,0,0,0,0,0,0,0,0,0,0,0,0,0,0,0,0,0,0,0,0,0,0,0,0,0,0,0,0,0,0,0,0,0,0,0,0,0,0,0,0,0,0,0,0,0,0,0,0,0,0,0,0,0,0,0,0,0,0,0,0,0,0,0,0,0,0,0,0.4,0,0,0,0,0,0,0,0,0,0,0,0,0,0,0,0,0,0,0,0,0,0,0,0,0,0,0,0,0,0,0,0,0,0,0,0,0,0,0,0,0,0,0,0,0,0,0,0,0,0,0,0,0,0,0,0,0,0,0,0,0,0,0,0,0,0,0,0,0,0,0,0,0,0,0,0,0,0,0,0,0,0,0,0,0,0,0,0,0,0,0,0,0,0,0,0,0,0,0,0,0,0,0,0,0,0,0,0,0,0,0,0,0,0,0,0,0,0,0,0,0,0,0,0,0,0,0,0,0,0,0,0,0,0,0,0,0,0,0,0,0,0,0,0,0,0,0,0,0,0,0,0,0,0,0,0,0,0,0,0,0,0,0,0,0,0,0,0,0,0,0,0,0,0,0,0,0,0,0,0,0,0,0,0,0,0.05,30.3,0,34.9,1.6,0,0,0,0,0,0,0,0,0,0,0,0,0,0,0,0,0,0,0,0,0,0,0,0,0,0,0,0,0,0,0,0,0,0,1,0,Essential Oil Composition of Pakistani Ageratum conyzoides L.,Pakistan,1,0,Pakistan,0,PK,1995,1995,-17.776921,177.435636,0,0,0,0,0,0,0,0,0,1214,0,0.98,1,0,65,0,118,not_recorded
65,Ageratum conyzoides,0.07,0.36,0.04,0,0.13,0,0,0,0,0,0.07,0,0.13,0.04,0,15.2,0,0.11,0.73,0,0.37,0,0,0,1.68,0,0.08,0,0,0,0,0,0.07,1.06,0,0,0,0.22,0,0,0.14,0,0,0,0,2.84,0.03,0,0,0,0,0.05,0,0,0,0,0,0,0,0,0,0,0.61,0,0,0,0.03,0,0,0,0,0,0,0,0,0,0.04,0.03,0,0,1.77,0,1.82,0.02,0.22,0,0,0.04,0,0,0,0.17,0,0,0,0,0,0,0,0,0,0,0,0,0,0,0,0,0,0,0,0,0,0,1.65,0,0,0,0,0,0,0.09,0,0,0,0,0,0,0,0,0,0.03,0,0,0,0,0,0,0,0,0,0,0,0,0,0,0,0,0,0,0,0,0.06,0,0,0,0,0,0.68,0,0,0,0,0,0,0,0,0,0,0,0,0,0,0,0,0,0,0,0,0,0,0,0.25,0,0,0,0,0,0,0,0,0,0,0.89,0,0,0,0,0,0,0,0,0,0,0,0,0,0,0,0,0,0,0,0,0,0,0,0,0,0,0,0,0,0,0.04,0,0,0,0,0,0,0,0,0,0,0,0,0,0,0,0,0,0,0,0,0,0,0,0,0,0,0,0,0,0,0,0,0,0,0,0,0,0,0,0,0,0,0,0,0,0,0,0,0,0,0,0,0,0,0,0,0,0,0,0,0,0,0,0,0,0,0,0,0,0,0,0,0,0,0,0,0,0,0,0,0,0,0,0,0,0,0,0,0,0,0,0,0,0,0,0,0,0,0,0,0,0,0,0,0,0,0,0,0,0,0,0,0,0,0,0,0,0,0,0.2,58.78,1.61,0.12,0,0,0,0,0,0,0,0,0,0,0,0,0,0,0,0.1,0,0,0,0,0,0,0,0.3,0.5,0.08,2.34,0,0,0,0,0,0,1,0,0,0,Chemical Constituents and Antibacterial Activity of Essential Oils from Flowers and Stems of Ageratum conyzoides from Ivory Coast,Ivory Coast,1,0,"Bobia village, west Ivory Coast",1,CI,2017,2017,6.153345,-5.952286,1406,0,31,21.7,12,48.2,6.48,1.34,210,43,0,18,1,113,235,0,88,1947
66,Ageratum conyzoides,0.21,1.6,0.17,0,0.47,0,0,0,0.05,0,0,0,0.03,0,0,8.06,0,0.06,0.35,0,0.38,0,0,0,1.43,0,0,0.03,0,0,0,0,0,0.22,0,0,0,0.08,0,0,0.07,0,0,0,0,0.93,0.03,0,0,0,0,0.05,0,0,0,0,0,0,0,0,0,0,0.29,0,0,0,0.08,0,0,0,0,0,0,0,0,0,0.04,0,0,0,0.69,0,0.88,0.02,0.07,0,0,0,0,0,0,0.04,0,0,0,0,0,0,0,0,0,0,0,0,0,0,0,0,0,0,0,0,0,0,0.87,0,0,0,0,0,0,0.05,0,0,0,0,0,0,0,0,0,0.02,0,0,0,0,0,0,0,0,0,0,0,0,0,0,0,0,0,0,0,0,0.24,0,0,0,0,0,1.29,0,0,0,0,0,0,0,0,0,0,0,0,0,0,0,0,0,0,0,0,0,0,0,0,0,0,0,0,0,0,0,0,0,0,0.21,0,0,0,0,0,0,0,0,0,0,0,0,0,0,0,0,0,0,0,0,0,0,0,0,0,0,0,0,0,0,0,0,0,0,0,0,0,0,0,0,0,0,0,0,0,0,0,0,0,0,0,0,0,0,0,0,0,0,0,0,0,0,0,0,0,0,0,0,0,0,0,0,0,0,0,0,0,0,0,0,0,0,0,0,0,0,0,0,0,0,0,0,0,0,0,0,0,0,0,0,0,0,0,0,0,0,0,0,0,0,0,0,0,0,0,0,0,0,0,0,0,0,0,0,0,0,0,0,0,0,0,0,0,0,0,0,0,0,0,0,0,0,0,0,0,0,0,0,0,0,0.49,76.46,0.22,0.06,0,0,0,0,0,0,0,0,0,0,0,0,0,0,0,0,0,0,0,0,0,0,0,0.91,0.11,0.04,0.87,0.03,0,0,0,1,0,0,0,0,0,Chemical Constituents and Antibacterial Activity of Essential Oils from Flowers and Stems of Ageratum conyzoides from Ivory Coast,Ivory Coast,1,0,"Bobia village, west Ivory Coast",1,CI,2017,2017,6.153345,-5.952286,1406,0,31,21.7,12,48.2,6.48,1.34,210,43,0,18,1,113,235,0,88,1947
67,Ageratum conyzoides,23.4,1,0.5,0,1.8,0,0,0.4,1.1,0,0,0,0.5,0,0,0,0,7.8,0.6,0,0,0,0,0,12.4,0,0,0,0,0,0,0,0.2,0,3,0,0,0.1,1.1,0,0,0,0,0,0,13.2,0,0,0,0,0,2,0,0,0.5,0.6,0,0,0,0,0,0,0,0,0,0,0,0,0,1.6,0,0.3,0,0,0,0,0,0,0,0,0.6,0,0,0,1.3,0,0,1.2,0,0,0,0,0,0,0,0,0,0,0,0,0,0,0,0,0,0,0,0,0,0,0,0,0,0,0.3,0,0,0,0,0,0,0,0,0,0,0,0,0,0,0,0,0,0,0,0,0,0,0,0,0,0,0,0,0,0,0,0,0,0,0,0,0,0,0,0,0,0,0,0.5,0,0,0,0,0,0,0,0,0,0,0,0.1,0,0,0,0,0,0,0,0,0,0,0,0,0,0,0,0,0,0,0,0,0,0,0,0,0,0,0,0,0,0,0,0,0,0,0.3,0,0,0,0,0,0,0,0,0,0,0,0,0,0,0,0,0,0,0,0,0,0,0,0,0,0,0,0,0,0,0,0,0,0,0,0,0,0,0,0,0,0,0,0,0,0,0,0,0,0,0,0,0,0,0,0,0,0,0,0,0,0,0,0,0,0,0,0,0,0,0,0,0,0,0,0,0,0,0,0,0,0,0,0,0,0,0,0,0,0,0,0,0,0,0,0,0,0,0,0,0,0,0,0,0,0,0,0,0,0,0,0,0,0,0,0,0,0,0,0,0,0,0,0,0,0,0,0,0,0,0,0,0,0,0,0,0,0,0,0,0,0,0,0,0,0,0,0,0,0,0,0,0,0,0,0,0,0,0,0,0,0,0,0,0,1.3,0,0,0,0,11,1.5,0.2,0,0,0,0,1,0,"Volatiles of Inflorescences, Leaves, Stems and Roots of Ageratum conyzoides L. growing Wild in the North of Brazil",Brazil,0,0,"Santa Terezinha, Santarem Novo",1,BR,Jun-05,2005,-10.4704161,-50.514405,205.2,78.1,32.9,23.5,14.2,288.7,4.91,0,198,16654,0,13,0,0,743,0,414,2006
68,Ageratum conyzoides,14.4,0.4,1.1,0,1.2,0,0,0.5,0.6,0,0,0,1.1,0,0,0,0,7.9,2.8,0,0,0,0,0,11.7,0,0,0,0,0,0,0,0.2,0,2.4,0,0,0.5,1.3,0,0,0,0,0,0,15.3,0,0,0,0,0,0.5,0,0,0.2,1.1,0,0,0,0,0,0,0,0,0,0,0,0,0,0.8,0,0.2,0,0,0,0,0,0,0,0,1.3,0,0,0,2.6,0,0,1.5,0,0,0,0,0,0,0,0,0,0,0,0,0,0,0,0,0,0,0,0,0,0,0,0,0,0,0.8,0,0,0,0,0,0,0,0,0,0,0,0,0,0,0,0,0,0,0,0,0,0,0,0,0,0,0,0,0,0,0,0,0,0,0,0,0,0,0,0,0,0,0,0.4,0,0,0,0,0,0,0,0,0,0,0,1.5,0,0,0,0,0,0,0,0,0,0,0,0,0,0,0,0,0,0,0,0,0,0,0,0,0,0,0,0,0,0,0,0,0,0,0.5,0,0,0,0,0,0,0,0,0,0,0,0,0,0,0,0,0,0,0,0,0,0,0,0,0,0,0,0,0,0,0,0,0,0,0,0,0,0,0,0,0,0,0,0,0,0,0,0,0,0,0,0,0,0,0,0,0,0,0,0,0,0,0,0,0,0,0,0,0,0,0,0,0,0,0,0,0,0,0,0,0,0,0,0,0,0,0,0,0,0,0,0,0,0,0,0,0,0,0,0,0,0,0,0,0,0,0,0,0,0,0,0,0,0,0,0,0,0,0,0,0,0,0,0,0,0,0,0,0,0,0,0,0,0,0,0,0,0,0,0,0,0,0,0,0,0,0,0,0,0,0,0,0,0,0,0,0,0,0,0,0,0,0,0,0,0.1,0,0,0,0,17.8,2.5,0.7,0,0,0,0,1,0,"Volatiles of Inflorescences, Leaves, Stems and Roots of Ageratum conyzoides L. growing Wild in the North of Brazil",Brazil,0,0,"Fortaleza, Santarem Novo",1,BR,Jun-05,2005,-3.7349047,-38.529636,1608.4,78.8,30.1,23.6,1100,0,6.8,2.35,21,1702,1,1,1,0,743,1,414,2006
69,Ageratum conyzoides,12,0.4,0.3,0,1.7,0,0,0.4,1.2,0,0,0,0.9,0,0,0,0,10.8,0.5,0,0,0,0,0,10.3,0,0,0,0,0,0,0,0.1,0,2.1,0,0,0.5,2.2,0,0,0,0,0,0,16.1,0,0,0,0,0,1.6,0,0,0.3,0.6,0,0,0,0,0,0,0,0,0,0,0,0,0,1.8,0,0.2,0,0,0,0,0,0,0,0,0.9,0,0,0,1.3,0,0,1.1,0,0,0,0,0,0,0,0,0,0,0,0,0,0,0,0,0,0,0,0,0,0,0,0,0,0,0.6,0,0,0,0,0,0,0,0,0,0,0,0,0,0,0,0,0,0,0,0,0,0,0,0,0,0,0,0,0,0,0,0,0,0,0,0,0,0,0,0,0,0,0,0.5,0,0,0,0,0,0,0,0,0,0,0,0.2,0,0,0,0,0,0,0,0,0,0,0,0,0,0,0,0,0,0,0,0,0,0,0,0,0,0,0,0,0,0,0,0,0,0,0.5,0,0,0,0,0,0,0,0,0,0,0,0,0,0,0,0,0,0,0,0,0,0,0,0,0,0,0,0,0,0,0,0,0,0,0,0,0,0,0,0,0,0,0,0,0,0,0,0,0,0,0,0,0,0,0,0,0,0,0,0,0,0,0,0,0,0,0,0,0,0,0,0,0,0,0,0,0,0,0,0,0,0,0,0,0,0,0,0,0,0,0,0,0,0,0,0,0,0,0,0,0,0,0,0,0,0,0,0,0,0,0,0,0,0,0,0,0,0,0,0,0,0,0,0,0,0,0,0,0,0,0,0,0,0,0,0,0,0,0,0,0,0,0,0,0,0,0,0,0,0,0,0,0,0,0,0,0,0,0,0,0,0,0,0,0,0.6,0,0,0,0,17,2.4,0.2,0,0,0,0,1,0,"Volatiles of Inflorescences, Leaves, Stems and Roots of Ageratum conyzoides L. growing Wild in the North of Brazil",Brazil,0,0,"Campus of Museu Paraense Emilio Goeldi, Belem",0,BR,Feb-07,2007,-1.4388852,-48.461428,3084,84.9,31.8,22.7,14.2,288.7,4.91,0,10,16654,0,13,1,0,634,6,303,2006
